{
  "id": "se-tailoring-quiz-1",
  "name": "Tailoring and Application Considerations Quiz 1",
  "subjectId": "se-tailoring",
  "questions": [
    {
      "id": "q1-se-tailoring-quiz-1",
      "text": "What is the primary objective of tailoring in Systems Engineering?",
      "type": "simple-choice",
      "difficulty": "medium",
      "topic": "Tailoring Considerations",
      "chapter": "4.1 Tailoring Considerations",
      "important": false,
      "answers": [
        {
          "id": "a1-q1-se-tailoring-quiz-1",
          "text": "To adapt SE processes to fit the specific needs, constraints, and context of a project",
          "isCorrect": true,
          "explanation": "Tailoring involves selecting and adapting processes to meet unique project requirements."
        },
        {
          "id": "a2-q1-se-tailoring-quiz-1",
          "text": "To standardize SE processes across all projects regardless of differences",
          "isCorrect": false,
          "explanation": "Standardization ignores project-specific variations, which tailoring is meant to address."
        },
        {
          "id": "a3-q1-se-tailoring-quiz-1",
          "text": "To eliminate the need for formal SE processes",
          "isCorrect": false,
          "explanation": "Tailoring modifies processes; it does not remove the need for formal SE practices."
        },
        {
          "id": "a4-q1-se-tailoring-quiz-1",
          "text": "To increase project costs by adding unnecessary procedures",
          "isCorrect": false,
          "explanation": "Tailoring aims to optimize processes, not to add redundant steps."
        }
      ],
      "tags": [
        "systems-engineering overall",
        "tailoring",
        "application considerations"
      ],
      "source": "INCOSE Handbook 4.0, Section 4.1",
      "source-question": "ChatGPT",
      "user-tags": [],
      "comments": [],
      "notations": []
    },
    {
      "id": "q2-se-tailoring-quiz-1",
      "text": "Which of the following factors should be considered when tailoring SE processes? (Select all 3 correct answers out of 4)",
      "type": "multiple-choice",
      "difficulty": "medium",
      "topic": "Tailoring Considerations",
      "chapter": "4.1 Tailoring Considerations",
      "important": false,
      "answers": [
        {
          "id": "a1-q2-se-tailoring-quiz-1",
          "text": "Project size and complexity",
          "isCorrect": true,
          "explanation": "Project size and complexity directly influence the level of process rigor required."
        },
        {
          "id": "a2-q2-se-tailoring-quiz-1",
          "text": "Organizational culture and existing practices",
          "isCorrect": true,
          "explanation": "Tailoring must align with the organization’s culture and current methodologies."
        },
        {
          "id": "a3-q2-se-tailoring-quiz-1",
          "text": "Stakeholder requirements and risk levels",
          "isCorrect": true,
          "explanation": "Understanding stakeholder needs and risk profiles is crucial for effective tailoring."
        },
        {
          "id": "a4-q2-se-tailoring-quiz-1",
          "text": "Personal opinions of unrelated engineers",
          "isCorrect": false,
          "explanation": "Tailoring should be based on project-specific factors, not on unrelated personal opinions."
        }
      ],
      "tags": [
        "systems-engineering overall",
        "tailoring",
        "application considerations"
      ],
      "source": "INCOSE Handbook 4.0, Section 4.1",
      "source-question": "ChatGPT",
      "user-tags": [],
      "comments": [],
      "notations": []
    },
    {
      "id": "q3-se-tailoring-quiz-1",
      "text": "What does 'Tailoring Considerations' in SE primarily involve?",
      "type": "simple-choice",
      "difficulty": "medium",
      "topic": "Tailoring Considerations",
      "chapter": "4.1 Tailoring Considerations",
      "important": false,
      "answers": [
        {
          "id": "a1-q3-se-tailoring-quiz-1",
          "text": "Selecting and adapting processes and activities to suit project needs",
          "isCorrect": true,
          "explanation": "Tailoring Considerations focus on adapting generic SE processes to the specifics of a project."
        },
        {
          "id": "a2-q3-se-tailoring-quiz-1",
          "text": "Applying a one-size-fits-all process model to every project",
          "isCorrect": false,
          "explanation": "A one-size-fits-all approach ignores the unique aspects of each project."
        },
        {
          "id": "a3-q3-se-tailoring-quiz-1",
          "text": "Focusing solely on cost reduction measures",
          "isCorrect": false,
          "explanation": "Tailoring addresses multiple project dimensions, not only cost."
        },
        {
          "id": "a4-q3-se-tailoring-quiz-1",
          "text": "Outsourcing all SE activities to external consultants",
          "isCorrect": false,
          "explanation": "Tailoring is about adjusting internal processes, not outsourcing them entirely."
        }
      ],
      "tags": [
        "systems-engineering overall",
        "tailoring",
        "application considerations"
      ],
      "source": "INCOSE Handbook 4.0, Section 4.1",
      "source-question": "ChatGPT",
      "user-tags": [],
      "comments": [],
      "notations": []
    },
    {
      "id": "q4-se-tailoring-quiz-1",
      "text": "Select both correct aspects of SE Methodology/Approach Considerations. (Select both correct answers out of 3)",
      "type": "multiple-choice",
      "difficulty": "medium",
      "topic": "SE Methodology/Approach Considerations",
      "chapter": "4.2 SE Methodology/Approach Considerations",
      "important": false,
      "answers": [
        {
          "id": "a1-q4-se-tailoring-quiz-1",
          "text": "Model-based Systems Engineering (MBSE) integration",
          "isCorrect": true,
          "explanation": "MBSE is a key modern approach that can be tailored to improve system design and integration."
        },
        {
          "id": "a2-q4-se-tailoring-quiz-1",
          "text": "Agile Systems Engineering practices",
          "isCorrect": true,
          "explanation": "Agile practices allow for flexible and iterative process adaptation, which is central to tailoring."
        },
        {
          "id": "a3-q4-se-tailoring-quiz-1",
          "text": "Exclusive reliance on traditional waterfall methods",
          "isCorrect": false,
          "explanation": "A rigid waterfall approach does not provide the flexibility required in tailoring."
        }
      ],
      "tags": [
        "systems-engineering overall",
        "tailoring",
        "application considerations"
      ],
      "source": "INCOSE Handbook 4.0, Section 4.2",
      "source-question": "ChatGPT",
      "user-tags": [],
      "comments": [],
      "notations": []
    },
    {
      "id": "q5-se-tailoring-quiz-1",
      "text": "Which of the following is NOT typically a factor considered in tailoring SE processes?",
      "type": "simple-choice",
      "difficulty": "medium",
      "topic": "Tailoring Considerations",
      "chapter": "4.1 Tailoring Considerations",
      "important": false,
      "answers": [
        {
          "id": "a1-q5-se-tailoring-quiz-1",
          "text": "Project-specific constraints and objectives",
          "isCorrect": false,
          "explanation": "These factors are central to the tailoring process."
        },
        {
          "id": "a2-q5-se-tailoring-quiz-1",
          "text": "Industry standards and regulatory requirements",
          "isCorrect": false,
          "explanation": "These requirements must be considered when tailoring SE processes."
        },
        {
          "id": "a3-q5-se-tailoring-quiz-1",
          "text": "Budget, schedule, and resource availability",
          "isCorrect": false,
          "explanation": "Financial and resource constraints are key factors in tailoring."
        },
        {
          "id": "a4-q5-se-tailoring-quiz-1",
          "text": "Personal opinions of unrelated stakeholders",
          "isCorrect": true,
          "explanation": "Tailoring should be based on project-specific data and requirements, not on unrelated personal opinions."
        }
      ],
      "tags": [
        "systems-engineering overall",
        "tailoring",
        "application considerations"
      ],
      "source": "INCOSE Handbook 4.0, Section 4.1",
      "source-question": "ChatGPT",
      "user-tags": [],
      "comments": [],
      "notations": []
    },
    {
      "id": "q6-se-tailoring-quiz-1",
      "text": "How do System Types Considerations influence tailoring in Systems Engineering?",
      "type": "simple-choice",
      "difficulty": "medium",
      "topic": "System Types Considerations",
      "chapter": "4.3 System Types Considerations",
      "important": false,
      "answers": [
        {
          "id": "a1-q6-se-tailoring-quiz-1",
          "text": "They determine the specific processes and methods best suited for different types of systems",
          "isCorrect": true,
          "explanation": "Different system types require different approaches; tailoring adapts SE processes accordingly."
        },
        {
          "id": "a2-q6-se-tailoring-quiz-1",
          "text": "They require the use of a standard process for all system types",
          "isCorrect": false,
          "explanation": "A standard process does not account for the unique characteristics of different system types."
        },
        {
          "id": "a3-q6-se-tailoring-quiz-1",
          "text": "They are only relevant for software-intensive systems",
          "isCorrect": false,
          "explanation": "System Types Considerations apply to all systems, not just software-intensive ones."
        },
        {
          "id": "a4-q6-se-tailoring-quiz-1",
          "text": "They do not impact tailoring decisions",
          "isCorrect": false,
          "explanation": "System type is a critical factor in determining the appropriate tailoring strategy."
        }
      ],
      "tags": [
        "systems-engineering overall",
        "tailoring",
        "application considerations"
      ],
      "source": "INCOSE Handbook 4.0, Section 4.3",
      "source-question": "ChatGPT",
      "user-tags": [],
      "comments": [],
      "notations": []
    },
    {
      "id": "q7-se-tailoring-quiz-1",
      "text": "Select all potential benefits of tailoring SE processes for specific domains. (Select all 3 correct answers out of 4)",
      "type": "multiple-choice",
      "difficulty": "medium",
      "topic": "Application of SE for Specific Domains",
      "chapter": "4.4 Application of SE for Specific Product Sector or Domain Application",
      "important": false,
      "answers": [
        {
          "id": "a1-q7-se-tailoring-quiz-1",
          "text": "Improved alignment with project objectives and constraints",
          "isCorrect": true,
          "explanation": "Tailoring helps ensure that SE processes fit the unique needs of a project."
        },
        {
          "id": "a2-q7-se-tailoring-quiz-1",
          "text": "Enhanced efficiency by eliminating unnecessary procedures",
          "isCorrect": true,
          "explanation": "Streamlining processes through tailoring reduces overhead and improves efficiency."
        },
        {
          "id": "a3-q7-se-tailoring-quiz-1",
          "text": "Greater flexibility in adapting to unique project challenges",
          "isCorrect": true,
          "explanation": "Tailoring allows for customization that meets specific project challenges."
        },
        {
          "id": "a4-q7-se-tailoring-quiz-1",
          "text": "Increased rigidity by enforcing a uniform process model",
          "isCorrect": false,
          "explanation": "Tailoring aims to create flexibility, not rigidity."
        }
      ],
      "tags": [
        "systems-engineering overall",
        "tailoring",
        "application considerations"
      ],
      "source": "INCOSE Handbook 4.0, Section 4.4",
      "source-question": "ChatGPT",
      "user-tags": [],
      "comments": [],
      "notations": []
    },
    {
      "id": "q8-se-tailoring-quiz-1",
      "text": "Which tailoring aspect is critical for aligning SE processes with existing organizational practices?",
      "type": "simple-choice",
      "difficulty": "medium",
      "topic": "Tailoring Considerations",
      "chapter": "4.1 Tailoring Considerations",
      "important": false,
      "answers": [
        {
          "id": "a1-q8-se-tailoring-quiz-1",
          "text": "Organizational culture and maturity",
          "isCorrect": true,
          "explanation": "Understanding the organization's culture and maturity level is essential for effective tailoring."
        },
        {
          "id": "a2-q8-se-tailoring-quiz-1",
          "text": "Global market competition",
          "isCorrect": false,
          "explanation": "Global competition is less directly influential than internal organizational factors for tailoring."
        },
        {
          "id": "a3-q8-se-tailoring-quiz-1",
          "text": "Vendor capabilities",
          "isCorrect": false,
          "explanation": "Vendor capabilities may influence decisions but aligning with internal practices is more crucial."
        },
        {
          "id": "a4-q8-se-tailoring-quiz-1",
          "text": "International regulations exclusively",
          "isCorrect": false,
          "explanation": "Regulations are a factor, but organizational culture is a more direct influence on tailoring."
        }
      ],
      "tags": [
        "systems-engineering overall",
        "tailoring",
        "application considerations"
      ],
      "source": "INCOSE Handbook 4.0, Section 4.1",
      "source-question": "ChatGPT",
      "user-tags": [],
      "comments": [],
      "notations": []
    },
    {
      "id": "q9-se-tailoring-quiz-1",
      "text": "In tailoring, what role do project-specific constraints play?",
      "type": "simple-choice",
      "difficulty": "medium",
      "topic": "Tailoring Considerations",
      "chapter": "4.1 Tailoring Considerations",
      "important": false,
      "answers": [
        {
          "id": "a1-q9-se-tailoring-quiz-1",
          "text": "They inform the customization of SE processes to balance rigor with practicality",
          "isCorrect": true,
          "explanation": "Project-specific constraints guide the extent and nature of tailoring to ensure processes are both effective and feasible."
        },
        {
          "id": "a2-q9-se-tailoring-quiz-1",
          "text": "They are ignored to maintain standardization across projects",
          "isCorrect": false,
          "explanation": "Ignoring constraints defeats the purpose of tailoring, which is to adapt to project needs."
        },
        {
          "id": "a3-q9-se-tailoring-quiz-1",
          "text": "They only affect the budgeting phase",
          "isCorrect": false,
          "explanation": "Constraints influence the entire process, not solely budgeting."
        },
        {
          "id": "a4-q9-se-tailoring-quiz-1",
          "text": "They mandate the use of a fixed process model",
          "isCorrect": false,
          "explanation": "Constraints are used to adapt the process, not to impose a rigid model."
        }
      ],
      "tags": [
        "systems-engineering overall",
        "tailoring",
        "application considerations"
      ],
      "source": "INCOSE Handbook 4.0, Section 4.1",
      "source-question": "ChatGPT",
      "user-tags": [],
      "comments": [],
      "notations": []
    },
    {
      "id": "q10-se-tailoring-quiz-1",
      "text": "Select 3 out of the following 4 benefits of effective tailoring in Systems Engineering. (Select 3)",
      "type": "multiple-choice",
      "difficulty": "medium",
      "topic": "Tailoring Considerations",
      "chapter": "4.1 Tailoring Considerations",
      "important": false,
      "answers": [
        {
          "id": "a1-q10-se-tailoring-quiz-1",
          "text": "Improved process efficiency and reduced overhead",
          "isCorrect": true,
          "explanation": "Tailoring helps eliminate unnecessary procedures, streamlining the process."
        },
        {
          "id": "a2-q10-se-tailoring-quiz-1",
          "text": "Better risk management through customized process adaptation",
          "isCorrect": true,
          "explanation": "Adapting processes to the project's context enables more effective risk mitigation."
        },
        {
          "id": "a3-q10-se-tailoring-quiz-1",
          "text": "Enhanced stakeholder satisfaction by aligning with specific needs",
          "isCorrect": true,
          "explanation": "Tailored processes better meet stakeholder requirements."
        },
        {
          "id": "a4-q10-se-tailoring-quiz-1",
          "text": "Universal application of a rigid process model across all projects",
          "isCorrect": false,
          "explanation": "A rigid process contradicts the benefits of effective tailoring."
        }
      ],
      "tags": [
        "systems-engineering overall",
        "tailoring",
        "application considerations"
      ],
      "source": "INCOSE Handbook 4.0, Section 4.1",
      "source-question": "ChatGPT",
      "user-tags": [],
      "comments": [],
      "notations": []
    }
  ]
}
