{
  "id": "advanced-interface-mgmt-quiz",
  "name": "Advanced Interface Management Quiz",
  "subjectId": "se-handbook",
  "questions": [
    {
      "id": "q1-advanced-im-quiz",
      "text": "What is the primary purpose of Interface Management in Systems Engineering?",
      "type": "simple-choice",
      "difficulty": "medium",
      "topic": "Interface Management",
      "chapter": "Interface Management",
      "important": true,
      "answers": [
        {
          "id": "a1-q1-advanced-im-quiz",
          "text": "To ensure proper communication and coordination between system components and external systems",
          "isCorrect": true,
          "explanation": "Interface Management coordinates the interactions between different system elements to ensure seamless integration."
        },
        {
          "id": "a2-q1-advanced-im-quiz",
          "text": "To isolate system components to avoid interdependency issues",
          "isCorrect": false,
          "explanation": "Rather than isolating, Interface Management focuses on managing the interactions between components."
        },
        {
          "id": "a3-q1-advanced-im-quiz",
          "text": "To document only the software interfaces",
          "isCorrect": false,
          "explanation": "It covers both hardware and software interfaces, as well as organizational and process interactions."
        },
        {
          "id": "a4-q1-advanced-im-quiz",
          "text": "To design user interfaces exclusively",
          "isCorrect": false,
          "explanation": "Interface Management in SE goes beyond user interfaces, focusing on all system interfaces."
        }
      ]
    },
    {
      "id": "q2-advanced-im-quiz",
      "text": "Select all that apply: Which challenges are most common in managing interfaces in large systems? (Select 3)",
      "type": "multiple-choice",
      "difficulty": "hard",
      "topic": "Interface Challenges",
      "chapter": "Interface Management",
      "important": true,
      "answers": [
        {
          "id": "a1-q2-advanced-im-quiz",
          "text": "Inconsistent interface definitions among subsystems",
          "isCorrect": true,
          "explanation": "Lack of consistency can lead to integration issues."
        },
        {
          "id": "a2-q2-advanced-im-quiz",
          "text": "Poor communication between teams responsible for different interfaces",
          "isCorrect": true,
          "explanation": "Effective communication is critical to managing interface complexities."
        },
        {
          "id": "a3-q2-advanced-im-quiz",
          "text": "Lack of standardized interface documentation",
          "isCorrect": true,
          "explanation": "Standardized documentation helps ensure all teams have a common understanding."
        },
        {
          "id": "a4-q2-advanced-im-quiz",
          "text": "Excessive focus on aesthetic aspects of the interface",
          "isCorrect": false,
          "explanation": "Aesthetics are generally secondary to functional and technical compatibility."
        }
      ]
    },
    {
      "id": "q3-advanced-im-quiz",
      "text": "What is the role of interface control documents (ICDs) in Interface Management?",
      "type": "simple-choice",
      "difficulty": "medium",
      "topic": "Interface Documentation",
      "chapter": "Interface Management",
      "important": true,
      "answers": [
        {
          "id": "a1-q3-advanced-im-quiz",
          "text": "They serve as the primary means to document and manage the interactions between system components",
          "isCorrect": true,
          "explanation": "ICDs provide the detailed specifications for interfaces to ensure compatibility and integration."
        },
        {
          "id": "a2-q3-advanced-im-quiz",
          "text": "They replace the need for any direct communication between teams",
          "isCorrect": false,
          "explanation": "While ICDs are important, direct communication is still necessary to clarify ambiguities."
        },
        {
          "id": "a3-q3-advanced-im-quiz",
          "text": "They are only used during the initial design phase",
          "isCorrect": false,
          "explanation": "ICDs are updated and referenced throughout the system life cycle."
        },
        {
          "id": "a4-q3-advanced-im-quiz",
          "text": "They focus solely on hardware interfaces",
          "isCorrect": false,
          "explanation": "ICDs cover all types of interfaces, including hardware, software, and organizational interfaces."
        }
      ]
    },
    {
      "id": "q4-advanced-im-quiz",
      "text": "Select all that apply: Which methods are used to ensure interface compatibility during system integration? (Select 2)",
      "type": "multiple-choice",
      "difficulty": "hard",
      "topic": "Interface Verification",
      "chapter": "Interface Management",
      "important": true,
      "answers": [
        {
          "id": "a1-q4-advanced-im-quiz",
          "text": "Conducting interface integration testing",
          "isCorrect": true,
          "explanation": "Testing interfaces during integration verifies compatibility and functionality."
        },
        {
          "id": "a2-q4-advanced-im-quiz",
          "text": "Performing simulation of interface interactions",
          "isCorrect": true,
          "explanation": "Simulations can help predict potential integration issues before actual implementation."
        },
        {
          "id": "a3-q4-advanced-im-quiz",
          "text": "Relying solely on historical data from previous projects",
          "isCorrect": false,
          "explanation": "While historical data can be useful, real-time testing and simulation are critical."
        },
        {
          "id": "a4-q4-advanced-im-quiz",
          "text": "Using a standardized user interface toolkit exclusively",
          "isCorrect": false,
          "explanation": "Standardized toolkits may help for user interfaces, but they do not address all system interface issues."
        }
      ]
    },
    {
      "id": "q5-advanced-im-quiz",
      "text": "What is the most critical factor to consider when updating interface control documents during a system evolution?",
      "type": "simple-choice",
      "difficulty": "hard",
      "topic": "Interface Documentation",
      "chapter": "Interface Management",
      "important": true,
      "answers": [
        {
          "id": "a1-q5-advanced-im-quiz",
          "text": "Ensuring the document reflects current interface configurations and requirements",
          "isCorrect": true,
          "explanation": "ICDs must be current to effectively manage the integration of updated system components."
        },
        {
          "id": "a2-q5-advanced-im-quiz",
          "text": "Reducing the document length to improve readability",
          "isCorrect": false,
          "explanation": "While readability is important, accuracy and completeness are more critical."
        },
        {
          "id": "a3-q5-advanced-im-quiz",
          "text": "Maintaining legacy interface data without change",
          "isCorrect": false,
          "explanation": "ICDs must evolve with the system; outdated data can lead to integration failures."
        },
        {
          "id": "a4-q5-advanced-im-quiz",
          "text": "Focusing on aesthetic presentation of interface diagrams",
          "isCorrect": false,
          "explanation": "Aesthetics are secondary to technical accuracy and clarity in ICDs."
        }
      ]
    },
    {
      "id": "q6-advanced-im-quiz",
      "text": "Which statement best describes the importance of cross-team communication in effective Interface Management?",
      "type": "simple-choice",
      "difficulty": "medium",
      "topic": "Interface Communication",
      "chapter": "Interface Management",
      "important": true,
      "answers": [
        {
          "id": "a1-q6-advanced-im-quiz",
          "text": "It ensures that all teams are aligned on interface definitions and can promptly resolve discrepancies.",
          "isCorrect": true,
          "explanation": "Effective communication is essential to maintain consistency and address issues as they arise."
        },
        {
          "id": "a2-q6-advanced-im-quiz",
          "text": "It allows teams to work in isolation without interference.",
          "isCorrect": false,
          "explanation": "Isolation can lead to misalignment and integration issues."
        },
        {
          "id": "a3-q6-advanced-im-quiz",
          "text": "It is only necessary during the initial design phase.",
          "isCorrect": false,
          "explanation": "Communication must be maintained throughout the entire system life cycle."
        },
        {
          "id": "a4-q6-advanced-im-quiz",
          "text": "It reduces the need for formal interface control documents.",
          "isCorrect": false,
          "explanation": "While communication helps clarify, formal documents remain essential for consistency."
        }
      ]
    },
    {
      "id": "q7-advanced-im-quiz",
      "text": "Select all that apply: Which challenges are unique to managing interfaces in systems-of-systems (SoS) environments? (Select 2)",
      "type": "multiple-choice",
      "difficulty": "hard",
      "topic": "Interface Challenges",
      "chapter": "Interface Management",
      "important": true,
      "answers": [
        {
          "id": "a1-q7-advanced-im-quiz",
          "text": "Multiple autonomous systems with independent evolution",
          "isCorrect": true,
          "explanation": "SoS environments involve systems that evolve independently, complicating interface management."
        },
        {
          "id": "a2-q7-advanced-im-quiz",
          "text": "Diverse operational contexts and conflicting stakeholder priorities",
          "isCorrect": true,
          "explanation": "Differences in operational contexts and priorities add complexity to integrating interfaces."
        },
        {
          "id": "a3-q7-advanced-im-quiz",
          "text": "Uniform interface standards across all systems",
          "isCorrect": false,
          "explanation": "Uniformity is rare in SoS; challenges arise precisely due to diversity."
        },
        {
          "id": "a4-q7-advanced-im-quiz",
          "text": "Fewer communication channels between teams",
          "isCorrect": false,
          "explanation": "In fact, more communication is typically needed in SoS environments."
        }
      ]
    },
    {
      "id": "q8-advanced-im-quiz",
      "text": "Which factor is most critical to monitor in an Interface Management process to prevent integration failures?",
      "type": "simple-choice",
      "difficulty": "hard",
      "topic": "Interface Monitoring",
      "chapter": "Interface Management",
      "important": true,
      "answers": [
        {
          "id": "a1-q8-advanced-im-quiz",
          "text": "Consistent and updated interface definitions and documentation",
          "isCorrect": true,
          "explanation": "Regular updates to interface definitions help prevent discrepancies during integration."
        },
        {
          "id": "a2-q8-advanced-im-quiz",
          "text": "The visual design of user interfaces",
          "isCorrect": false,
          "explanation": "While important for usability, visual design is not the primary concern in system interface integration."
        },
        {
          "id": "a3-q8-advanced-im-quiz",
          "text": "The frequency of stakeholder meetings alone",
          "isCorrect": false,
          "explanation": "Meetings are important but must be coupled with robust documentation and tracking."
        },
        {
          "id": "a4-q8-advanced-im-quiz",
          "text": "The number of software modules in the system",
          "isCorrect": false,
          "explanation": "Module count is less relevant than the quality and consistency of interface definitions."
        }
      ]
    },
    {
      "id": "q9-advanced-im-quiz",
      "text": "Which statement best differentiates interface management challenges in traditional systems versus modern systems-of-systems?",
      "type": "simple-choice",
      "difficulty": "medium",
      "topic": "Interface Challenges",
      "chapter": "Interface Management",
      "important": true,
      "answers": [
        {
          "id": "a1-q9-advanced-im-quiz",
          "text": "Traditional systems have well-defined interfaces, while SoS environments exhibit dynamic and evolving interface requirements.",
          "isCorrect": true,
          "explanation": "SoS environments are more complex due to evolving and heterogeneous interfaces compared to traditional systems."
        },
        {
          "id": "a2-q9-advanced-im-quiz",
          "text": "There is no difference in interface management between traditional systems and SoS.",
          "isCorrect": false,
          "explanation": "The dynamic nature of SoS introduces additional challenges."
        },
        {
          "id": "a3-q9-advanced-im-quiz",
          "text": "Traditional systems require less documentation than SoS environments.",
          "isCorrect": false,
          "explanation": "Both environments require thorough documentation; the complexity differs in other aspects."
        },
        {
          "id": "a4-q9-advanced-im-quiz",
          "text": "SoS environments focus solely on software interfaces.",
          "isCorrect": false,
          "explanation": "SoS encompass hardware, software, and organizational interfaces, not only software."
        }
      ]
    },
    {
      "id": "q10-advanced-im-quiz",
      "text": "Select all that apply: Which strategies can be used to enhance interface management in large-scale projects? (Select 2)",
      "type": "multiple-choice",
      "difficulty": "medium",
      "topic": "Interface Management Strategies",
      "chapter": "Interface Management",
      "important": true,
      "answers": [
        {
          "id": "a1-q10-advanced-im-quiz",
          "text": "Establishing clear and standardized interface control documents (ICDs)",
          "isCorrect": true,
          "explanation": "ICDs provide a baseline for consistent interface definitions and updates."
        },
        {
          "id": "a2-q10-advanced-im-quiz",
          "text": "Implementing continuous integration and testing of interface interactions",
          "isCorrect": true,
          "explanation": "Continuous integration helps identify and address interface issues early."
        },
        {
          "id": "a3-q10-advanced-im-quiz",
          "text": "Reducing communication between teams to avoid conflict",
          "isCorrect": false,
          "explanation": "Effective communication is key; reducing it would worsen integration issues."
        },
        {
          "id": "a4-q10-advanced-im-quiz",
          "text": "Isolating interface management to a single department without cross-team input",
          "isCorrect": false,
          "explanation": "Interface management requires collaboration across teams, not isolation."
        }
      ]
    }
  ]
}
