{
  "id": "difficult-se-processes-quiz",
  "name": "Difficult Asep-like Quiz on SE Processes",
  "subjectId": "se-handbook",
  "questions": [
    {
      "id": "q1-difficult-se-processes-quiz",
      "text": "In the context of the SE life cycle, which process is primarily responsible for ensuring that all changes to system artifacts are systematically managed and documented?",
      "type": "simple-choice",
      "difficulty": "hard",
      "topic": "Configuration Management",
      "chapter": "Technical Processes",
      "important": true,
      "answers": [
        {
          "id": "a1-q1-difficult-se-processes-quiz",
          "text": "Risk Management Process",
          "isCorrect": false,
          "explanation": "Risk Management focuses on identifying and mitigating uncertainties rather than change control."
        },
        {
          "id": "a2-q1-difficult-se-processes-quiz",
          "text": "Configuration Management Process",
          "isCorrect": true,
          "explanation": "Configuration Management is dedicated to tracking, controlling, and documenting changes to system artifacts."
        },
        {
          "id": "a3-q1-difficult-se-processes-quiz",
          "text": "Project Planning Process",
          "isCorrect": false,
          "explanation": "Project Planning defines the roadmap but does not control changes to artifacts."
        },
        {
          "id": "a4-q1-difficult-se-processes-quiz",
          "text": "Quality Assurance Process",
          "isCorrect": false,
          "explanation": "Quality Assurance reviews compliance and standards but is distinct from configuration control."
        }
      ]
    },
    {
      "id": "q2-difficult-se-processes-quiz",
      "text": "Which Technical Management Process is specifically designed to monitor and control project progress against the established plan?",
      "type": "simple-choice",
      "difficulty": "hard",
      "topic": "Project Control",
      "chapter": "Technical Management Processes",
      "important": true,
      "answers": [
        {
          "id": "a1-q2-difficult-se-processes-quiz",
          "text": "Project Planning Process",
          "isCorrect": false,
          "explanation": "Project Planning establishes the plan but does not monitor progress."
        },
        {
          "id": "a2-q2-difficult-se-processes-quiz",
          "text": "Project Assessment and Control Process",
          "isCorrect": true,
          "explanation": "This process is responsible for monitoring progress, assessing deviations, and managing changes."
        },
        {
          "id": "a3-q2-difficult-se-processes-quiz",
          "text": "Decision Management Process",
          "isCorrect": false,
          "explanation": "Decision Management supports making choices, but it is not primarily focused on progress monitoring."
        },
        {
          "id": "a4-q2-difficult-se-processes-quiz",
          "text": "Measurement Process",
          "isCorrect": false,
          "explanation": "The Measurement Process quantifies performance but is not solely dedicated to project control."
        }
      ]
    },
    {
      "id": "q3-difficult-se-processes-quiz",
      "text": "Within the Organizational Project-Enabling Processes, which process is responsible for maintaining and updating the overall life cycle model for the organization?",
      "type": "simple-choice",
      "difficulty": "hard",
      "topic": "Organizational Processes",
      "chapter": "Organizational Project-Enabling Processes",
      "important": true,
      "answers": [
        {
          "id": "a1-q3-difficult-se-processes-quiz",
          "text": "Life Cycle Model Management Process",
          "isCorrect": true,
          "explanation": "This process governs the implementation and continuous improvement of the life cycle model across projects."
        },
        {
          "id": "a2-q3-difficult-se-processes-quiz",
          "text": "Portfolio Management Process",
          "isCorrect": false,
          "explanation": "Portfolio Management focuses on strategic oversight rather than updating the life cycle model."
        },
        {
          "id": "a3-q3-difficult-se-processes-quiz",
          "text": "Infrastructure Management Process",
          "isCorrect": false,
          "explanation": "Infrastructure Management ensures supporting services are available but does not maintain the life cycle model."
        },
        {
          "id": "a4-q3-difficult-se-processes-quiz",
          "text": "Human Resource Management Process",
          "isCorrect": false,
          "explanation": "This process manages staffing and skills, not the life cycle model itself."
        }
      ]
    },
    {
      "id": "q4-difficult-se-processes-quiz",
      "text": "Which Technical Process is directly responsible for verifying that system components meet their specified requirements?",
      "type": "simple-choice",
      "difficulty": "hard",
      "topic": "Verification Process",
      "chapter": "Technical Processes",
      "important": true,
      "answers": [
        {
          "id": "a1-q4-difficult-se-processes-quiz",
          "text": "Verification Process",
          "isCorrect": true,
          "explanation": "The Verification Process checks that each component meets its specifications."
        },
        {
          "id": "a2-q4-difficult-se-processes-quiz",
          "text": "Validation Process",
          "isCorrect": false,
          "explanation": "Validation focuses on ensuring the system meets user needs, not just individual requirements."
        },
        {
          "id": "a3-q4-difficult-se-processes-quiz",
          "text": "Integration Process",
          "isCorrect": false,
          "explanation": "Integration combines components; verification confirms each meets its requirements."
        },
        {
          "id": "a4-q4-difficult-se-processes-quiz",
          "text": "Design Definition Process",
          "isCorrect": false,
          "explanation": "Design Definition establishes design parameters but does not verify their implementation."
        }
      ]
    },
    {
      "id": "q5-difficult-se-processes-quiz",
      "text": "What is the primary purpose of the Decision Management Process within Technical Management Processes?",
      "type": "simple-choice",
      "difficulty": "hard",
      "topic": "Decision Management",
      "chapter": "Technical Management Processes",
      "important": true,
      "answers": [
        {
          "id": "a1-q5-difficult-se-processes-quiz",
          "text": "To facilitate risk-based decisions through systematic analysis",
          "isCorrect": true,
          "explanation": "The Decision Management Process helps in evaluating alternatives and making choices based on risk and benefit analysis."
        },
        {
          "id": "a2-q5-difficult-se-processes-quiz",
          "text": "To finalize system design without further review",
          "isCorrect": false,
          "explanation": "Decisions are revisited iteratively; the process does not lock in a design permanently."
        },
        {
          "id": "a3-q5-difficult-se-processes-quiz",
          "text": "To manage stakeholder communication exclusively",
          "isCorrect": false,
          "explanation": "While stakeholder input is a factor, the focus is on analytical decision making."
        },
        {
          "id": "a4-q5-difficult-se-processes-quiz",
          "text": "To control project budgets only",
          "isCorrect": false,
          "explanation": "Budgeting is one aspect but not the primary focus of Decision Management."
        }
      ]
    },
    {
      "id": "q6-difficult-se-processes-quiz",
      "text": "How does the Risk Management Process interact with other Technical Management Processes to enhance overall project success?",
      "type": "simple-choice",
      "difficulty": "hard",
      "topic": "Risk Management",
      "chapter": "Technical Management Processes",
      "important": true,
      "answers": [
        {
          "id": "a1-q6-difficult-se-processes-quiz",
          "text": "By providing a framework for identifying, assessing, and mitigating risks that can affect design and performance",
          "isCorrect": true,
          "explanation": "Risk Management supports decision-making by integrating risk assessments with project control activities."
        },
        {
          "id": "a2-q6-difficult-se-processes-quiz",
          "text": "By eliminating all uncertainties before project commencement",
          "isCorrect": false,
          "explanation": "It is impossible to eliminate all risks; the process aims to manage and mitigate them."
        },
        {
          "id": "a3-q6-difficult-se-processes-quiz",
          "text": "By focusing solely on cost reduction in risk mitigation",
          "isCorrect": false,
          "explanation": "Risk management must balance cost, schedule, and technical performance, not just cost."
        },
        {
          "id": "a4-q6-difficult-se-processes-quiz",
          "text": "By outsourcing risk management to external consultants",
          "isCorrect": false,
          "explanation": "Effective risk management is integrated within the project’s technical management processes."
        }
      ]
    },
    {
      "id": "q7-difficult-se-processes-quiz",
      "text": "Which Technical Process is responsible for confirming that the system meets its intended operational requirements?",
      "type": "simple-choice",
      "difficulty": "hard",
      "topic": "Validation Process",
      "chapter": "Technical Processes",
      "important": true,
      "answers": [
        {
          "id": "a1-q7-difficult-se-processes-quiz",
          "text": "Verification Process",
          "isCorrect": false,
          "explanation": "Verification checks conformity to specifications; validation confirms the system meets operational needs."
        },
        {
          "id": "a2-q7-difficult-se-processes-quiz",
          "text": "Validation Process",
          "isCorrect": true,
          "explanation": "Validation ensures that the final system satisfies the user’s operational requirements."
        },
        {
          "id": "a3-q7-difficult-se-processes-quiz",
          "text": "Integration Process",
          "isCorrect": false,
          "explanation": "Integration focuses on combining system components, not on final operational performance."
        },
        {
          "id": "a4-q7-difficult-se-processes-quiz",
          "text": "Implementation Process",
          "isCorrect": false,
          "explanation": "Implementation involves executing the design, not validating its effectiveness in operation."
        }
      ]
    },
    {
      "id": "q8-difficult-se-processes-quiz",
      "text": "How does the Measurement Process within Technical Management contribute to SE decision-making?",
      "type": "simple-choice",
      "difficulty": "hard",
      "topic": "Measurement Process",
      "chapter": "Technical Management Processes",
      "important": true,
      "answers": [
        {
          "id": "a1-q8-difficult-se-processes-quiz",
          "text": "It quantitatively assesses system performance to provide objective data for decision-making.",
          "isCorrect": true,
          "explanation": "Accurate measurements inform decisions by providing data on system performance and progress."
        },
        {
          "id": "a2-q8-difficult-se-processes-quiz",
          "text": "It solely focuses on financial metrics for cost reduction.",
          "isCorrect": false,
          "explanation": "Measurement in SE covers a broad spectrum including technical and performance metrics."
        },
        {
          "id": "a3-q8-difficult-se-processes-quiz",
          "text": "It replaces the need for qualitative assessments.",
          "isCorrect": false,
          "explanation": "Both quantitative and qualitative evaluations are essential in decision-making."
        },
        {
          "id": "a4-q8-difficult-se-processes-quiz",
          "text": "It is only used during the initial planning phase.",
          "isCorrect": false,
          "explanation": "The Measurement Process is used throughout the project lifecycle to monitor progress and performance."
        }
      ]
    },
    {
      "id": "q9-difficult-se-processes-quiz",
      "text": "Which statement best differentiates the purpose of Organizational Project-Enabling Processes from Technical Processes in SE?",
      "type": "simple-choice",
      "difficulty": "hard",
      "topic": "Organizational Processes",
      "chapter": "Organizational Project-Enabling Processes",
      "important": true,
      "answers": [
        {
          "id": "a1-q9-difficult-se-processes-quiz",
          "text": "Organizational processes support project infrastructure and resource management, while Technical Processes focus on system design and implementation.",
          "isCorrect": true,
          "explanation": "This differentiation highlights that organizational processes create the environment for effective technical execution."
        },
        {
          "id": "a2-q9-difficult-se-processes-quiz",
          "text": "Organizational processes are solely concerned with external communications, while technical processes handle all internal activities.",
          "isCorrect": false,
          "explanation": "Organizational processes encompass more than external communication; they enable overall project support."
        },
        {
          "id": "a3-q9-difficult-se-processes-quiz",
          "text": "Technical Processes are only relevant during the design phase.",
          "isCorrect": false,
          "explanation": "Technical Processes span the entire system development lifecycle."
        },
        {
          "id": "a4-q9-difficult-se-processes-quiz",
          "text": "Organizational processes dictate technical decisions without stakeholder input.",
          "isCorrect": false,
          "explanation": "Stakeholder input remains critical in both organizational and technical realms."
        }
      ]
    },
    {
      "id": "q10-difficult-se-processes-quiz",
      "text": "How does the Configuration Management Process contribute to risk mitigation in SE projects?",
      "type": "simple-choice",
      "difficulty": "hard",
      "topic": "Configuration Management",
      "chapter": "Technical Processes",
      "important": true,
      "answers": [
        {
          "id": "a1-q10-difficult-se-processes-quiz",
          "text": "By ensuring that every change is systematically evaluated and approved to maintain system integrity.",
          "isCorrect": true,
          "explanation": "A robust Configuration Management Process minimizes risks by controlling changes and ensuring consistency."
        },
        {
          "id": "a2-q10-difficult-se-processes-quiz",
          "text": "By reducing the need for further testing once a design is finalized.",
          "isCorrect": false,
          "explanation": "Even with configuration control, thorough testing remains essential."
        },
        {
          "id": "a3-q10-difficult-se-processes-quiz",
          "text": "By solely focusing on cost reduction through design standardization.",
          "isCorrect": false,
          "explanation": "Cost reduction is a byproduct but not the primary function of configuration management."
        },
        {
          "id": "a4-q10-difficult-se-processes-quiz",
          "text": "By delegating all change control to external auditors.",
          "isCorrect": false,
          "explanation": "Configuration Management is an internal process that continuously manages changes."
        }
      ]
    }
  ]
}
