{
  "id": "difficult-se-processes-quiz-2",
  "name": "Difficult SE Processes Quiz 2 (Mixed Formats)",
  "subjectId": "se-handbook",
  "questions": [
    {
      "id": "q1-difficult-se-processes-quiz-2",
      "text": "Which process is primarily responsible for controlling changes to system artifacts and ensuring consistency throughout the project?",
      "type": "simple-choice",
      "difficulty": "hard",
      "topic": "Configuration Management",
      "chapter": "Technical Processes",
      "important": true,
      "answers": [
        {
          "id": "a1-q1-difficult-se-processes-quiz-2",
          "text": "Risk Management Process",
          "isCorrect": false,
          "explanation": "Risk Management focuses on identifying and mitigating risks rather than change control."
        },
        {
          "id": "a2-q1-difficult-se-processes-quiz-2",
          "text": "Configuration Management Process",
          "isCorrect": true,
          "explanation": "Configuration Management ensures that every change is systematically tracked and documented."
        },
        {
          "id": "a3-q1-difficult-se-processes-quiz-2",
          "text": "Measurement Process",
          "isCorrect": false,
          "explanation": "The Measurement Process gathers performance data but does not control changes."
        },
        {
          "id": "a4-q1-difficult-se-processes-quiz-2",
          "text": "Project Planning Process",
          "isCorrect": false,
          "explanation": "Project Planning sets the roadmap, not the change control mechanism."
        }
      ]
    },
    {
      "id": "q2-difficult-se-processes-quiz-2",
      "text": "Select all aspects that are key objectives of the Project Assessment and Control Process. (Select 2)",
      "type": "multiple-choice",
      "difficulty": "hard",
      "topic": "Project Control",
      "chapter": "Technical Management Processes",
      "important": true,
      "answers": [
        {
          "id": "a1-q2-difficult-se-processes-quiz-2",
          "text": "Monitoring project progress against the plan",
          "isCorrect": true,
          "explanation": "It tracks progress and identifies deviations to guide corrective actions."
        },
        {
          "id": "a2-q2-difficult-se-processes-quiz-2",
          "text": "Assessing risks and implementing mitigation strategies",
          "isCorrect": true,
          "explanation": "It integrates risk assessments to ensure the project stays on track."
        },
        {
          "id": "a3-q2-difficult-se-processes-quiz-2",
          "text": "Defining detailed system requirements",
          "isCorrect": false,
          "explanation": "Requirements are defined earlier in the lifecycle, not during progress control."
        },
        {
          "id": "a4-q2-difficult-se-processes-quiz-2",
          "text": "Managing stakeholder communications exclusively",
          "isCorrect": false,
          "explanation": "While communication is important, the process primarily focuses on project control."
        }
      ]
    },
    {
      "id": "q3-difficult-se-processes-quiz-2",
      "text": "What is the role of the Decision Management Process in SE?",
      "type": "simple-choice",
      "difficulty": "hard",
      "topic": "Decision Management",
      "chapter": "Technical Management Processes",
      "important": true,
      "answers": [
        {
          "id": "a1-q3-difficult-se-processes-quiz-2",
          "text": "To facilitate risk-based decisions by systematically evaluating alternatives",
          "isCorrect": true,
          "explanation": "It supports making informed decisions by integrating risk, cost, and performance data."
        },
        {
          "id": "a2-q3-difficult-se-processes-quiz-2",
          "text": "To manage stakeholder conflicts exclusively",
          "isCorrect": false,
          "explanation": "While stakeholder input matters, the process centers on analytical decision making."
        },
        {
          "id": "a3-q3-difficult-se-processes-quiz-2",
          "text": "To finalize all design aspects without future revisions",
          "isCorrect": false,
          "explanation": "Decisions are iterative; the process does not permanently fix the design."
        },
        {
          "id": "a4-q3-difficult-se-processes-quiz-2",
          "text": "To solely control project budgets",
          "isCorrect": false,
          "explanation": "Budgeting is one component; the process considers multiple dimensions."
        }
      ]
    },
    {
      "id": "q4-difficult-se-processes-quiz-2",
      "text": "Select all the key roles of the Measurement Process within Technical Management. (Select 2)",
      "type": "multiple-choice",
      "difficulty": "hard",
      "topic": "Measurement Process",
      "chapter": "Technical Management Processes",
      "important": true,
      "answers": [
        {
          "id": "a1-q4-difficult-se-processes-quiz-2",
          "text": "Providing quantitative data on system performance",
          "isCorrect": true,
          "explanation": "Quantitative data is essential for objective decision-making and tracking progress."
        },
        {
          "id": "a2-q4-difficult-se-processes-quiz-2",
          "text": "Tracking changes to configuration items over time",
          "isCorrect": false,
          "explanation": "Tracking changes is primarily the role of Configuration Management, not Measurement."
        },
        {
          "id": "a3-q4-difficult-se-processes-quiz-2",
          "text": "Supporting process improvements through performance metrics",
          "isCorrect": true,
          "explanation": "Measurements provide feedback that informs process refinement and continuous improvement."
        },
        {
          "id": "a4-q4-difficult-se-processes-quiz-2",
          "text": "Determining project budgets exclusively",
          "isCorrect": false,
          "explanation": "While cost data may be measured, the process has a broader scope than budgeting alone."
        }
      ]
    },
    {
      "id": "q5-difficult-se-processes-quiz-2",
      "text": "Which process is primarily used to verify that a system meets its design specifications?",
      "type": "simple-choice",
      "difficulty": "hard",
      "topic": "Verification Process",
      "chapter": "Technical Processes",
      "important": true,
      "answers": [
        {
          "id": "a1-q5-difficult-se-processes-quiz-2",
          "text": "Verification Process",
          "isCorrect": true,
          "explanation": "The Verification Process checks system components against established design specifications."
        },
        {
          "id": "a2-q5-difficult-se-processes-quiz-2",
          "text": "Validation Process",
          "isCorrect": false,
          "explanation": "Validation ensures that the system meets user needs, not just design specifications."
        },
        {
          "id": "a3-q5-difficult-se-processes-quiz-2",
          "text": "Integration Process",
          "isCorrect": false,
          "explanation": "Integration combines components, while verification checks their individual compliance."
        },
        {
          "id": "a4-q5-difficult-se-processes-quiz-2",
          "text": "Decision Management Process",
          "isCorrect": false,
          "explanation": "Decision Management supports choices; it is not focused on verifying design compliance."
        }
      ]
    },
    {
      "id": "q6-difficult-se-processes-quiz-2",
      "text": "Which statement best explains the purpose of Technical Reviews and Audits within SE processes?",
      "type": "simple-choice",
      "difficulty": "hard",
      "topic": "Technical Reviews",
      "chapter": "Technical Processes",
      "important": true,
      "answers": [
        {
          "id": "a1-q6-difficult-se-processes-quiz-2",
          "text": "They provide a formal mechanism for ensuring that technical work adheres to defined standards and requirements",
          "isCorrect": true,
          "explanation": "Technical Reviews and Audits ensure compliance with standards and help identify issues early."
        },
        {
          "id": "a2-q6-difficult-se-processes-quiz-2",
          "text": "They focus exclusively on reducing project costs",
          "isCorrect": false,
          "explanation": "Cost reduction is one outcome, but the primary purpose is quality assurance and compliance."
        },
        {
          "id": "a3-q6-difficult-se-processes-quiz-2",
          "text": "They serve to replace the need for stakeholder feedback",
          "isCorrect": false,
          "explanation": "Stakeholder input remains essential and is complemented, not replaced, by technical reviews."
        },
        {
          "id": "a4-q6-difficult-se-processes-quiz-2",
          "text": "They are used to finalize design decisions without further iterations",
          "isCorrect": false,
          "explanation": "Reviews are iterative and intended to support continuous improvement."
        }
      ]
    },
    {
      "id": "q7-difficult-se-processes-quiz-2",
      "text": "Select all factors that the Risk Management Process must address to effectively mitigate uncertainties. (Select 2)",
      "type": "multiple-choice",
      "difficulty": "hard",
      "topic": "Risk Management",
      "chapter": "Technical Management Processes",
      "important": true,
      "answers": [
        {
          "id": "a1-q7-difficult-se-processes-quiz-2",
          "text": "Identification and assessment of potential risks",
          "isCorrect": true,
          "explanation": "Recognizing and quantifying risks is a foundational step in risk management."
        },
        {
          "id": "a2-q7-difficult-se-processes-quiz-2",
          "text": "Implementation of mitigation strategies and contingency plans",
          "isCorrect": true,
          "explanation": "Developing and executing mitigation plans helps reduce the impact of identified risks."
        },
        {
          "id": "a3-q7-difficult-se-processes-quiz-2",
          "text": "Elimination of all risks prior to project start",
          "isCorrect": false,
          "explanation": "It is unrealistic to eliminate all risks; the process focuses on managing and mitigating them."
        },
        {
          "id": "a4-q7-difficult-se-processes-quiz-2",
          "text": "Focusing solely on cost risks",
          "isCorrect": false,
          "explanation": "Risk management must address a range of factors beyond cost."
        }
      ]
    },
    {
      "id": "q8-difficult-se-processes-quiz-2",
      "text": "Which process is responsible for confirming that a system is fit for its intended operational environment?",
      "type": "simple-choice",
      "difficulty": "hard",
      "topic": "Validation Process",
      "chapter": "Technical Processes",
      "important": true,
      "answers": [
        {
          "id": "a1-q8-difficult-se-processes-quiz-2",
          "text": "Validation Process",
          "isCorrect": true,
          "explanation": "The Validation Process ensures the system meets user needs in its operational context."
        },
        {
          "id": "a2-q8-difficult-se-processes-quiz-2",
          "text": "Verification Process",
          "isCorrect": false,
          "explanation": "Verification confirms adherence to specifications; validation confirms operational fitness."
        },
        {
          "id": "a3-q8-difficult-se-processes-quiz-2",
          "text": "Configuration Management Process",
          "isCorrect": false,
          "explanation": "Configuration Management tracks changes rather than validating operational performance."
        },
        {
          "id": "a4-q8-difficult-se-processes-quiz-2",
          "text": "Project Assessment and Control Process",
          "isCorrect": false,
          "explanation": "This process monitors progress but does not directly validate system operation."
        }
      ]
    },
    {
      "id": "q9-difficult-se-processes-quiz-2",
      "text": "Select all the roles of Organizational Project-Enabling Processes in supporting SE. (Select 2)",
      "type": "multiple-choice",
      "difficulty": "hard",
      "topic": "Organizational Processes",
      "chapter": "Organizational Project-Enabling Processes",
      "important": true,
      "answers": [
        {
          "id": "a1-q9-difficult-se-processes-quiz-2",
          "text": "Providing the infrastructure and resource management necessary for project execution",
          "isCorrect": true,
          "explanation": "These processes ensure the organization has the required support and resources."
        },
        {
          "id": "a2-q9-difficult-se-processes-quiz-2",
          "text": "Establishing and maintaining a coherent life cycle model across projects",
          "isCorrect": true,
          "explanation": "A consistent life cycle model supports process alignment and continuous improvement."
        },
        {
          "id": "a3-q9-difficult-se-processes-quiz-2",
          "text": "Directly performing technical design activities",
          "isCorrect": false,
          "explanation": "Technical design is handled by Technical Processes, not by organizational enablers."
        },
        {
          "id": "a4-q9-difficult-se-processes-quiz-2",
          "text": "Managing day-to-day operations exclusively",
          "isCorrect": false,
          "explanation": "Organizational processes provide overall support rather than managing daily technical operations."
        }
      ]
    },
    {
      "id": "q10-difficult-se-processes-quiz-2",
      "text": "How does the Configuration Management Process contribute to mitigating risks in SE projects?",
      "type": "simple-choice",
      "difficulty": "hard",
      "topic": "Configuration Management",
      "chapter": "Technical Processes",
      "important": true,
      "answers": [
        {
          "id": "a1-q10-difficult-se-processes-quiz-2",
          "text": "By ensuring all changes are reviewed and documented, thereby maintaining system integrity",
          "isCorrect": true,
          "explanation": "This controlled approach minimizes the risk of unintended changes affecting system performance."
        },
        {
          "id": "a2-q10-difficult-se-processes-quiz-2",
          "text": "By reducing the need for iterative testing",
          "isCorrect": false,
          "explanation": "Even with configuration management, rigorous testing remains necessary."
        },
        {
          "id": "a3-q10-difficult-se-processes-quiz-2",
          "text": "By delegating all configuration tasks to external consultants",
          "isCorrect": false,
          "explanation": "Configuration Management is an internal, ongoing process rather than an outsourced task."
        },
        {
          "id": "a4-q10-difficult-se-processes-quiz-2",
          "text": "By focusing solely on cost reduction through standardization",
          "isCorrect": false,
          "explanation": "Its primary role is to control changes and maintain integrity, not just cost reduction."
        }
      ]
    }
  ]
}
