{
  "id": "nuanced-risk-analysis-quiz",
  "name": "Nuanced Risk Analysis Quiz",
  "subjectId": "se-handbook",
  "questions": [
    {
      "id": "q1-nuanced-risk-quiz",
      "text": "When conducting risk assessment, what is the most critical reason to incorporate both qualitative and quantitative methods?",
      "type": "simple-choice",
      "difficulty": "hard",
      "topic": "Risk Assessment Techniques",
      "chapter": "Risk Management Processes",
      "important": true,
      "answers": [
        {
          "id": "a1-q1-nuanced-risk-quiz",
          "text": "Because qualitative data provides context that numbers alone may not capture, while quantitative data offers precision",
          "isCorrect": true,
          "explanation": "The blend of both methods allows for a comprehensive view, capturing nuances and providing measurable insight."
        },
        {
          "id": "a2-q1-nuanced-risk-quiz",
          "text": "Because qualitative methods are used only for stakeholder interviews, and quantitative methods are used solely for cost analysis",
          "isCorrect": false,
          "explanation": "This answer oversimplifies the roles; both methods are used to complement each other beyond just interviews and cost."
        },
        {
          "id": "a3-q1-nuanced-risk-quiz",
          "text": "To ensure that risk assessments are entirely objective and free from bias",
          "isCorrect": false,
          "explanation": "While objectivity is desired, no method is entirely free of bias; the combination mitigates limitations."
        },
        {
          "id": "a4-q1-nuanced-risk-quiz",
          "text": "To allow risk assessments to be automated without human oversight",
          "isCorrect": false,
          "explanation": "Automation can support analysis, but human judgment remains essential for interpreting complex risk data."
        }
      ]
    },
    {
      "id": "q2-nuanced-risk-quiz",
      "text": "Select all that apply: Which factors are considered when determining risk exposure in a complex system? (Select 3)",
      "type": "multiple-choice",
      "difficulty": "hard",
      "topic": "Risk Exposure",
      "chapter": "Risk Management Processes",
      "important": true,
      "answers": [
        {
          "id": "a1-q2-nuanced-risk-quiz",
          "text": "Likelihood of occurrence",
          "isCorrect": true,
          "explanation": "The probability of a risk event is fundamental to assessing exposure."
        },
        {
          "id": "a2-q2-nuanced-risk-quiz",
          "text": "Impact on system performance and stakeholder objectives",
          "isCorrect": true,
          "explanation": "Assessing the potential consequences across multiple dimensions is essential."
        },
        {
          "id": "a3-q2-nuanced-risk-quiz",
          "text": "The historical frequency of similar risks in unrelated projects",
          "isCorrect": false,
          "explanation": "While historical data can inform risk, it must be contextualized to the specific system under analysis."
        },
        {
          "id": "a4-q2-nuanced-risk-quiz",
          "text": "The dynamic interplay between risk factors over the project lifecycle",
          "isCorrect": true,
          "explanation": "Interdependencies and evolving conditions are key to understanding overall exposure."
        }
      ]
    },
    {
      "id": "q3-nuanced-risk-quiz",
      "text": "What subtle challenge might arise when relying solely on historical data for risk analysis in innovative projects?",
      "type": "simple-choice",
      "difficulty": "hard",
      "topic": "Risk Analysis Challenges",
      "chapter": "Risk Management Processes",
      "important": true,
      "answers": [
        {
          "id": "a1-q3-nuanced-risk-quiz",
          "text": "Historical data may not reflect emerging technologies and new project contexts",
          "isCorrect": true,
          "explanation": "Innovative projects often present novel risks not captured in historical records."
        },
        {
          "id": "a2-q3-nuanced-risk-quiz",
          "text": "Historical data always guarantees accurate risk prediction",
          "isCorrect": false,
          "explanation": "No dataset is foolproof, particularly in rapidly evolving fields."
        },
        {
          "id": "a3-q3-nuanced-risk-quiz",
          "text": "It results in underestimating risks due to data overfitting",
          "isCorrect": false,
          "explanation": "Overfitting is a concern in modeling but is not the primary risk when using historical data."
        },
        {
          "id": "a4-q3-nuanced-risk-quiz",
          "text": "It forces teams to adopt a purely quantitative approach",
          "isCorrect": false,
          "explanation": "Teams can combine data types; the challenge is the relevance of past data."
        }
      ]
    },
    {
      "id": "q4-nuanced-risk-quiz",
      "text": "Select all that apply: Which of the following could inadvertently increase risk exposure in a project? (Select 2)",
      "type": "multiple-choice",
      "difficulty": "hard",
      "topic": "Risk Factors",
      "chapter": "Risk Management Processes",
      "important": true,
      "answers": [
        {
          "id": "a1-q4-nuanced-risk-quiz",
          "text": "Ambiguous requirement definitions",
          "isCorrect": true,
          "explanation": "Ambiguity can lead to misinterpretations and unintended consequences."
        },
        {
          "id": "a2-q4-nuanced-risk-quiz",
          "text": "Over-reliance on unvalidated simulation models",
          "isCorrect": true,
          "explanation": "Simulations that are not validated can provide misleading data, increasing risk."
        },
        {
          "id": "a3-q4-nuanced-risk-quiz",
          "text": "Strict adherence to established standards",
          "isCorrect": false,
          "explanation": "Standards generally help reduce risk if applied appropriately."
        },
        {
          "id": "a4-q4-nuanced-risk-quiz",
          "text": "Early stakeholder engagement",
          "isCorrect": false,
          "explanation": "Early engagement typically reduces risk by clarifying requirements."
        }
      ]
    },
    {
      "id": "q5-nuanced-risk-quiz",
      "text": "Which statement best reflects the challenge of risk quantification in highly complex systems?",
      "type": "simple-choice",
      "difficulty": "hard",
      "topic": "Quantitative Risk Analysis",
      "chapter": "Risk Management Processes",
      "important": true,
      "answers": [
        {
          "id": "a1-q5-nuanced-risk-quiz",
          "text": "Quantifying risk in complex systems requires accounting for interdependencies that may not be easily modeled",
          "isCorrect": true,
          "explanation": "Complex systems often have multiple interacting risks, complicating straightforward quantification."
        },
        {
          "id": "a2-q5-nuanced-risk-quiz",
          "text": "Quantification is straightforward once probabilities are determined",
          "isCorrect": false,
          "explanation": "Even with probabilities, the impact of interdependencies can lead to nonlinear effects."
        },
        {
          "id": "a3-q5-nuanced-risk-quiz",
          "text": "Risk quantification is only useful for financial assessments",
          "isCorrect": false,
          "explanation": "Quantitative analysis applies to various aspects including schedule and performance."
        },
        {
          "id": "a4-q5-nuanced-risk-quiz",
          "text": "It is best avoided in complex systems to prevent analysis paralysis",
          "isCorrect": false,
          "explanation": "While challenging, quantification remains essential for informed decision-making."
        }
      ]
    },
    {
      "id": "q6-nuanced-risk-quiz",
      "text": "What is the primary advantage of an iterative risk management approach?",
      "type": "simple-choice",
      "difficulty": "medium",
      "topic": "Iterative Risk Management",
      "chapter": "Risk Management Processes",
      "important": true,
      "answers": [
        {
          "id": "a1-q6-nuanced-risk-quiz",
          "text": "It allows for continuous updates and refinements as new information emerges",
          "isCorrect": true,
          "explanation": "Iterative approaches adapt to evolving risks and project conditions."
        },
        {
          "id": "a2-q6-nuanced-risk-quiz",
          "text": "It fixes risk levels at the project start",
          "isCorrect": false,
          "explanation": "A fixed approach is less effective in dynamic environments."
        },
        {
          "id": "a3-q6-nuanced-risk-quiz",
          "text": "It eliminates the need for stakeholder involvement",
          "isCorrect": false,
          "explanation": "Stakeholder input remains crucial throughout the project lifecycle."
        },
        {
          "id": "a4-q6-nuanced-risk-quiz",
          "text": "It focuses only on quantitative risk data",
          "isCorrect": false,
          "explanation": "A successful iterative approach integrates both qualitative and quantitative insights."
        }
      ]
    },
    {
      "id": "q7-nuanced-risk-quiz",
      "text": "Select all that apply: Which factors are essential to maintain risk traceability throughout a project's life cycle? (Select 2)",
      "type": "multiple-choice",
      "difficulty": "hard",
      "topic": "Risk Traceability",
      "chapter": "Risk Management Processes",
      "important": true,
      "answers": [
        {
          "id": "a1-q7-nuanced-risk-quiz",
          "text": "Linking risks to specific design elements and test cases",
          "isCorrect": true,
          "explanation": "This connection ensures that risk responses are integrated with system development."
        },
        {
          "id": "a2-q7-nuanced-risk-quiz",
          "text": "Regular updates of risk status throughout the project",
          "isCorrect": true,
          "explanation": "Continuous monitoring and documentation are critical to track evolving risks."
        },
        {
          "id": "a3-q7-nuanced-risk-quiz",
          "text": "Recording risk data only at project initiation",
          "isCorrect": false,
          "explanation": "Risk traceability must be maintained and updated continuously."
        },
        {
          "id": "a4-q7-nuanced-risk-quiz",
          "text": "Isolating risk information from design documents",
          "isCorrect": false,
          "explanation": "Risk data must be linked to other project artifacts for effective traceability."
        }
      ]
    },
    {
      "id": "q8-nuanced-risk-quiz",
      "text": "Which challenge is most often encountered when integrating risk data from multiple sources?",
      "type": "simple-choice",
      "difficulty": "hard",
      "topic": "Data Integration",
      "chapter": "Risk Management Processes",
      "important": true,
      "answers": [
        {
          "id": "a1-q8-nuanced-risk-quiz",
          "text": "Inconsistent risk definitions and metrics across sources",
          "isCorrect": true,
          "explanation": "Variations in how risks are defined and measured complicate integration efforts."
        },
        {
          "id": "a2-q8-nuanced-risk-quiz",
          "text": "Excessive automation that overrides human judgment",
          "isCorrect": false,
          "explanation": "While automation can be challenging, inconsistency in definitions is a more common issue."
        },
        {
          "id": "a3-q8-nuanced-risk-quiz",
          "text": "Uniform risk data that does not require integration",
          "isCorrect": false,
          "explanation": "Uniform data is ideal but rarely achieved in complex projects."
        },
        {
          "id": "a4-q8-nuanced-risk-quiz",
          "text": "The absence of any historical risk data",
          "isCorrect": false,
          "explanation": "While historical data can be sparse, inconsistency is generally a bigger challenge."
        }
      ]
    },
    {
      "id": "q9-nuanced-risk-quiz",
      "text": "Which statement best summarizes the importance of contextual factors in risk analysis?",
      "type": "simple-choice",
      "difficulty": "medium",
      "topic": "Contextual Risk Analysis",
      "chapter": "Risk Management Processes",
      "important": true,
      "answers": [
        {
          "id": "a1-q9-nuanced-risk-quiz",
          "text": "Contextual factors, such as project environment and stakeholder expectations, are vital for interpreting risk data accurately",
          "isCorrect": true,
          "explanation": "Understanding context helps translate risk metrics into actionable insights."
        },
        {
          "id": "a2-q9-nuanced-risk-quiz",
          "text": "Context is irrelevant once numerical risk values are assigned",
          "isCorrect": false,
          "explanation": "Numbers alone can be misleading without proper context."
        },
        {
          "id": "a3-q9-nuanced-risk-quiz",
          "text": "Only financial context matters in risk analysis",
          "isCorrect": false,
          "explanation": "Risk analysis must consider multiple dimensions beyond just cost."
        },
        {
          "id": "a4-q9-nuanced-risk-quiz",
          "text": "Contextual factors are only considered during project initiation",
          "isCorrect": false,
          "explanation": "Context evolves and must be considered throughout the project lifecycle."
        }
      ]
    },
    {
      "id": "q10-nuanced-risk-quiz",
      "text": "Select all that apply: Which activities are crucial for refining risk assessments during project execution? (Select 2)",
      "type": "multiple-choice",
      "difficulty": "hard",
      "topic": "Risk Refinement",
      "chapter": "Risk Management Processes",
      "important": true,
      "answers": [
        {
          "id": "a1-q10-nuanced-risk-quiz",
          "text": "Conducting regular risk review meetings with cross-functional teams",
          "isCorrect": true,
          "explanation": "These meetings help update risk profiles and ensure all perspectives are considered."
        },
        {
          "id": "a2-q10-nuanced-risk-quiz",
          "text": "Integrating feedback from testing and operational data into risk assessments",
          "isCorrect": true,
          "explanation": "Real-world data is essential to refine and adjust risk assessments continuously."
        },
        {
          "id": "a3-q10-nuanced-risk-quiz",
          "text": "Finalizing risk assessments at the project’s start without further updates",
          "isCorrect": false,
          "explanation": "Risk assessments should be dynamic and evolve with the project."
        },
        {
          "id": "a4-q10-nuanced-risk-quiz",
          "text": "Relying exclusively on external consultants for risk reviews",
          "isCorrect": false,
          "explanation": "While external input can be valuable, internal team reviews are crucial for contextual accuracy."
        }
      ]
    }
  ]
}
