{
  "id": "advanced-org-processes-quiz",
  "name": "Advanced Organizational Project-Enabling Processes Quiz",
  "subjectId": "se-handbook",
  "questions": [
    {
      "id": "q1-advanced-org-processes",
      "text": "In the Life Cycle Model Management Process, what is a critical task for ensuring organizational alignment?",
      "type": "simple-choice",
      "difficulty": "hard",
      "topic": "Life Cycle Model Management",
      "chapter": "Organizational Project-Enabling Processes",
      "important": true,
      "answers": [
        {
          "id": "a1-q1-advanced-org-processes",
          "text": "Regularly updating the life cycle model to reflect evolving organizational practices and project feedback",
          "isCorrect": true,
          "explanation": "Continuous updates ensure that the model stays relevant and supports current project requirements."
        },
        {
          "id": "a2-q1-advanced-org-processes",
          "text": "Implementing a fixed life cycle model for all projects regardless of context",
          "isCorrect": false,
          "explanation": "A fixed model cannot accommodate the diversity of projects within an organization."
        },
        {
          "id": "a3-q1-advanced-org-processes",
          "text": "Outsourcing the model management to an external consultant",
          "isCorrect": false,
          "explanation": "While external expertise can help, internal alignment is crucial for successful model management."
        },
        {
          "id": "a4-q1-advanced-org-processes",
          "text": "Focusing solely on financial metrics within the model",
          "isCorrect": false,
          "explanation": "Financial data is important, but the model must integrate technical, managerial, and operational aspects."
        }
      ]
    },
    {
      "id": "q2-advanced-org-processes",
      "text": "Select all that apply: Which activities are essential in the Infrastructure Management Process? (Select 2)",
      "type": "multiple-choice",
      "difficulty": "hard",
      "topic": "Infrastructure Management",
      "chapter": "Organizational Project-Enabling Processes",
      "important": true,
      "answers": [
        {
          "id": "a1-q2-advanced-org-processes",
          "text": "Maintaining and upgrading IT and communication systems",
          "isCorrect": true,
          "explanation": "Robust IT and communications are critical for supporting project execution."
        },
        {
          "id": "a2-q2-advanced-org-processes",
          "text": "Providing resource and facility management support",
          "isCorrect": true,
          "explanation": "Infrastructure management encompasses a broad range of support services essential for project success."
        },
        {
          "id": "a3-q2-advanced-org-processes",
          "text": "Standardizing all engineering methodologies across the organization",
          "isCorrect": false,
          "explanation": "While process standardization is useful, infrastructure management focuses on support structures rather than engineering methods."
        },
        {
          "id": "a4-q2-advanced-org-processes",
          "text": "Focusing exclusively on procurement of new hardware",
          "isCorrect": false,
          "explanation": "Procurement is one aspect, but infrastructure management is more comprehensive."
        }
      ]
    },
    {
      "id": "q3-advanced-org-processes",
      "text": "What distinguishes the Portfolio Management Process from other organizational processes in SE?",
      "type": "simple-choice",
      "difficulty": "hard",
      "topic": "Portfolio Management",
      "chapter": "Organizational Project-Enabling Processes",
      "important": true,
      "answers": [
        {
          "id": "a1-q3-advanced-org-processes",
          "text": "It focuses on selecting and balancing projects to achieve strategic objectives while considering resource constraints",
          "isCorrect": true,
          "explanation": "Portfolio Management aligns projects with organizational strategy and optimizes resource allocation."
        },
        {
          "id": "a2-q3-advanced-org-processes",
          "text": "It dictates the technical design for every project",
          "isCorrect": false,
          "explanation": "Portfolio Management is strategic rather than technical in nature."
        },
        {
          "id": "a3-q3-advanced-org-processes",
          "text": "It is solely concerned with financial investment decisions",
          "isCorrect": false,
          "explanation": "While finances are a factor, the process also evaluates risk, schedule, and strategic fit."
        },
        {
          "id": "a4-q3-advanced-org-processes",
          "text": "It operates independently of organizational strategy",
          "isCorrect": false,
          "explanation": "Portfolio Management is inherently aligned with organizational strategy."
        }
      ]
    },
    {
      "id": "q4-advanced-org-processes",
      "text": "Select all that apply: Which challenges are most common in the Human Resource Management Process within SE?",
      "type": "multiple-choice",
      "difficulty": "hard",
      "topic": "Human Resource Management",
      "chapter": "Organizational Project-Enabling Processes",
      "important": true,
      "answers": [
        {
          "id": "a1-q4-advanced-org-processes",
          "text": "Aligning workforce skills with rapidly evolving SE methodologies",
          "isCorrect": true,
          "explanation": "Keeping team skills current is a major challenge in a fast-changing technological environment."
        },
        {
          "id": "a2-q4-advanced-org-processes",
          "text": "Managing team collaboration across geographically dispersed groups",
          "isCorrect": true,
          "explanation": "Effective communication and coordination among distributed teams are essential for success."
        },
        {
          "id": "a3-q4-advanced-org-processes",
          "text": "Ensuring that HR policies do not affect budget allocation",
          "isCorrect": false,
          "explanation": "HR policies may influence budgeting indirectly but are not the primary challenge in HR management."
        },
        {
          "id": "a4-q4-advanced-org-processes",
          "text": "Focusing exclusively on administrative tasks",
          "isCorrect": false,
          "explanation": "Effective HR in SE must also foster technical growth and collaborative culture."
        }
      ]
    },
    {
      "id": "q5-advanced-org-processes",
      "text": "Which statement best summarizes the integration between Organizational Project-Enabling Processes and Technical Processes?",
      "type": "simple-choice",
      "difficulty": "hard",
      "topic": "Process Integration",
      "chapter": "Organizational Project-Enabling Processes",
      "important": true,
      "answers": [
        {
          "id": "a1-q5-advanced-org-processes",
          "text": "Organizational processes provide the essential support structures that enable the effective execution of technical processes, ensuring overall project success",
          "isCorrect": true,
          "explanation": "The support functions—such as IT, HR, and portfolio management—create an environment in which technical processes can operate efficiently."
        },
        {
          "id": "a2-q5-advanced-org-processes",
          "text": "Organizational processes operate independently from technical processes, with minimal interaction",
          "isCorrect": false,
          "explanation": "Effective SE requires close integration between organizational support and technical execution."
        },
        {
          "id": "a3-q5-advanced-org-processes",
          "text": "Technical processes dictate the structure of organizational processes",
          "isCorrect": false,
          "explanation": "While technical needs influence support structures, organizational processes are shaped by broader strategic considerations."
        },
        {
          "id": "a4-q5-advanced-org-processes",
          "text": "Integration is achieved solely through standardized documentation",
          "isCorrect": false,
          "explanation": "Documentation is important, but true integration relies on ongoing coordination and alignment."
        }
      ]
    },
    {
      "id": "q6-advanced-org-processes",
      "text": "Select all that apply: Which metrics are typically monitored as part of the Infrastructure Management Process? (Select 2)",
      "type": "multiple-choice",
      "difficulty": "medium",
      "topic": "Infrastructure Management",
      "chapter": "Organizational Project-Enabling Processes",
      "important": true,
      "answers": [
        {
          "id": "a1-q6-advanced-org-processes",
          "text": "System uptime and performance of support systems",
          "isCorrect": true,
          "explanation": "Monitoring uptime and performance ensures that the infrastructure supports project needs."
        },
        {
          "id": "a2-q6-advanced-org-processes",
          "text": "Utilization and availability of key IT resources",
          "isCorrect": true,
          "explanation": "Resource utilization metrics are critical for ensuring that support systems are efficient and responsive."
        },
        {
          "id": "a3-q6-advanced-org-processes",
          "text": "The number of internal emails sent by the IT department",
          "isCorrect": false,
          "explanation": "This metric is not directly related to infrastructure performance."
        },
        {
          "id": "a4-q6-advanced-org-processes",
          "text": "Employee satisfaction with HR policies",
          "isCorrect": false,
          "explanation": "Employee satisfaction is more related to HR processes than to infrastructure management."
        }
      ]
    },
    {
      "id": "q7-advanced-org-processes",
      "text": "What is a nuanced challenge in managing a diverse project portfolio within an SE organization?",
      "type": "simple-choice",
      "difficulty": "hard",
      "topic": "Portfolio Management",
      "chapter": "Organizational Project-Enabling Processes",
      "important": true,
      "answers": [
        {
          "id": "a1-q7-advanced-org-processes",
          "text": "Balancing resource allocation across projects with differing strategic priorities and risk profiles",
          "isCorrect": true,
          "explanation": "A diverse portfolio requires careful trade-offs to optimize overall organizational performance."
        },
        {
          "id": "a2-q7-advanced-org-processes",
          "text": "Ensuring that all projects use the same technical architecture",
          "isCorrect": false,
          "explanation": "Projects within a portfolio often require different architectures based on their unique requirements."
        },
        {
          "id": "a3-q7-advanced-org-processes",
          "text": "Focusing solely on financial returns at the expense of technical innovation",
          "isCorrect": false,
          "explanation": "While cost is a factor, the challenge lies in balancing multiple dimensions of project value."
        },
        {
          "id": "a4-q7-advanced-org-processes",
          "text": "Standardizing all project management processes regardless of domain differences",
          "isCorrect": false,
          "explanation": "Over-standardization can lead to inflexibility and may not accommodate domain-specific needs."
        }
      ]
    },
    {
      "id": "q8-advanced-org-processes",
      "text": "Which statement best explains the importance of aligning Human Resource Management with technical project demands in SE?",
      "type": "simple-choice",
      "difficulty": "hard",
      "topic": "Human Resource Management",
      "chapter": "Organizational Project-Enabling Processes",
      "important": true,
      "answers": [
        {
          "id": "a1-q8-advanced-org-processes",
          "text": "By ensuring that the workforce possesses the necessary technical competencies and collaborative skills to support complex projects",
          "isCorrect": true,
          "explanation": "Alignment between HR and technical needs is essential for building a capable, agile team."
        },
        {
          "id": "a2-q8-advanced-org-processes",
          "text": "By solely focusing on administrative compliance and ignoring technical skill requirements",
          "isCorrect": false,
          "explanation": "Technical competency and team collaboration are critical to project success."
        },
        {
          "id": "a3-q8-advanced-org-processes",
          "text": "By outsourcing all technical staffing to external vendors",
          "isCorrect": false,
          "explanation": "Outsourcing may be used, but effective HR management should develop and retain internal expertise."
        },
        {
          "id": "a4-q8-advanced-org-processes",
          "text": "By mandating a fixed skill set for all employees regardless of project needs",
          "isCorrect": false,
          "explanation": "Flexibility in skill development is necessary to meet evolving project demands."
        }
      ]
    },
    {
      "id": "q9-advanced-org-processes",
      "text": "Select all that apply: Which elements are key to successful integration of Organizational Project-Enabling Processes with Technical Processes? (Select 2)",
      "type": "multiple-choice",
      "difficulty": "hard",
      "topic": "Process Integration",
      "chapter": "Organizational Project-Enabling Processes",
      "important": true,
      "answers": [
        {
          "id": "a1-q9-advanced-org-processes",
          "text": "Continuous feedback loops between support functions and technical teams",
          "isCorrect": true,
          "explanation": "Feedback ensures that support processes remain aligned with technical needs."
        },
        {
          "id": "a2-q9-advanced-org-processes",
          "text": "Adaptive resource allocation that responds to evolving project requirements",
          "isCorrect": true,
          "explanation": "Flexibility in resource management bridges organizational and technical objectives."
        },
        {
          "id": "a3-q9-advanced-org-processes",
          "text": "Isolating organizational processes from technical developments",
          "isCorrect": false,
          "explanation": "Isolation hinders integration and does not support overall project success."
        },
        {
          "id": "a4-q9-advanced-org-processes",
          "text": "Standardized reporting without consideration of project-specific variables",
          "isCorrect": false,
          "explanation": "Standard reporting is useful, but must be tailored to capture project-specific nuances."
        }
      ]
    },
    {
      "id": "q10-advanced-org-processes",
      "text": "Which statement best reflects the challenge of maintaining a cohesive organizational process framework across diverse project domains?",
      "type": "simple-choice",
      "difficulty": "hard",
      "topic": "Organizational Integration",
      "chapter": "Organizational Project-Enabling Processes",
      "important": true,
      "answers": [
        {
          "id": "a1-q10-advanced-org-processes",
          "text": "The need to balance standardized processes with the flexibility to address domain-specific requirements",
          "isCorrect": true,
          "explanation": "A cohesive framework must provide consistency while allowing for adaptations based on project diversity."
        },
        {
          "id": "a2-q10-advanced-org-processes",
          "text": "Ensuring that every project follows an identical process regardless of its domain",
          "isCorrect": false,
          "explanation": "Identical processes may not be practical or effective across varied project domains."
        },
        {
          "id": "a3-q10-advanced-org-processes",
          "text": "Focusing solely on financial performance metrics to drive process decisions",
          "isCorrect": false,
          "explanation": "While cost is important, overall process cohesion requires balancing multiple factors."
        },
        {
          "id": "a4-q10-advanced-org-processes",
          "text": "Delegating process management entirely to an external team",
          "isCorrect": false,
          "explanation": "Internal alignment is key to ensuring processes are integrated with project execution."
        }
      ]
    }
  ]
}
