{
  "id": "vv-strategies-challenges-quiz",
  "name": "V&V Strategies and Challenges Quiz",
  "subjectId": "se-handbook",
  "questions": [
    {
      "id": "q1-vv-strat-quiz",
      "text": "Which of the following best describes the role of validation in the overall V&V process?",
      "type": "simple-choice",
      "difficulty": "medium",
      "topic": "Validation Strategies",
      "chapter": "Validation Processes",
      "important": true,
      "answers": [
        {
          "id": "a1-q1-vv-strat-quiz",
          "text": "To confirm that the delivered system meets the operational needs of its intended users",
          "isCorrect": true,
          "explanation": "Validation focuses on user needs and operational effectiveness."
        },
        {
          "id": "a2-q1-vv-strat-quiz",
          "text": "To ensure all components adhere strictly to design specifications",
          "isCorrect": false,
          "explanation": "That is the focus of verification rather than validation."
        },
        {
          "id": "a3-q1-vv-strat-quiz",
          "text": "To automate the entire testing process without human intervention",
          "isCorrect": false,
          "explanation": "Automation supports validation, but human judgment is still required."
        },
        {
          "id": "a4-q1-vv-strat-quiz",
          "text": "To primarily reduce the project budget by cutting testing phases",
          "isCorrect": false,
          "explanation": "Budget reduction is a secondary outcome, not the primary objective of validation."
        }
      ]
    },
    {
      "id": "q2-vv-strat-quiz",
      "text": "Select all that apply: Which methods are used to verify complex system models? (Select 2)",
      "type": "multiple-choice",
      "difficulty": "hard",
      "topic": "Verification Techniques",
      "chapter": "Verification Processes",
      "important": true,
      "answers": [
        {
          "id": "a1-q2-vv-strat-quiz",
          "text": "Model simulation and sensitivity analysis",
          "isCorrect": true,
          "explanation": "Simulations help test models under various conditions and sensitivity analysis identifies critical parameters."
        },
        {
          "id": "a2-q2-vv-strat-quiz",
          "text": "Peer reviews of model assumptions and results",
          "isCorrect": true,
          "explanation": "Expert reviews validate the assumptions and conclusions drawn from the model."
        },
        {
          "id": "a3-q2-vv-strat-quiz",
          "text": "Ignoring discrepancies to save time",
          "isCorrect": false,
          "explanation": "Discrepancies must be addressed to ensure model accuracy."
        },
        {
          "id": "a4-q2-vv-strat-quiz",
          "text": "Relying exclusively on manual calculations",
          "isCorrect": false,
          "explanation": "Manual calculations are prone to error and insufficient for complex models."
        }
      ]
    },
    {
      "id": "q3-vv-strat-quiz",
      "text": "What challenge is often encountered when integrating V&V activities across multiple system components?",
      "type": "simple-choice",
      "difficulty": "hard",
      "topic": "Integration Challenges",
      "chapter": "Verification and Validation Processes",
      "important": true,
      "answers": [
        {
          "id": "a1-q3-vv-strat-quiz",
          "text": "Ensuring consistent and compatible test methods across different components",
          "isCorrect": true,
          "explanation": "Different components may require different V&V techniques, and consistency is key to effective integration."
        },
        {
          "id": "a2-q3-vv-strat-quiz",
          "text": "Eliminating the need for interface management",
          "isCorrect": false,
          "explanation": "Interface management remains essential during V&V to address interdependencies."
        },
        {
          "id": "a3-q3-vv-strat-quiz",
          "text": "Reducing the number of test cases to a minimum",
          "isCorrect": false,
          "explanation": "Test cases must be sufficient to cover all integration scenarios."
        },
        {
          "id": "a4-q3-vv-strat-quiz",
          "text": "Relying solely on simulation tools for all V&V activities",
          "isCorrect": false,
          "explanation": "While useful, simulations must be supplemented by physical testing and reviews."
        }
      ]
    },
    {
      "id": "q4-vv-strat-quiz",
      "text": "Select all that apply: Which factors influence the selection of appropriate V&V techniques? (Select 2)",
      "type": "multiple-choice",
      "difficulty": "medium",
      "topic": "V&V Strategy",
      "chapter": "Verification and Validation Processes",
      "important": true,
      "answers": [
        {
          "id": "a1-q4-vv-strat-quiz",
          "text": "System complexity and interdependency of components",
          "isCorrect": true,
          "explanation": "The more complex the system, the more rigorous and diverse the V&V techniques required."
        },
        {
          "id": "a2-q4-vv-strat-quiz",
          "text": "Operational environment and real-world usage scenarios",
          "isCorrect": true,
          "explanation": "V&V methods must reflect how the system will be used in practice."
        },
        {
          "id": "a3-q4-vv-strat-quiz",
          "text": "Color schemes used in system diagrams",
          "isCorrect": false,
          "explanation": "Aesthetics have no bearing on the selection of V&V techniques."
        },
        {
          "id": "a4-q4-vv-strat-quiz",
          "text": "Availability of off-the-shelf testing tools only",
          "isCorrect": false,
          "explanation": "While tool availability is a factor, it is not the sole determinant of technique selection."
        }
      ]
    },
    {
      "id": "q5-vv-strat-quiz",
      "text": "What is a potential drawback of relying too heavily on automated V&V tools?",
      "type": "simple-choice",
      "difficulty": "medium",
      "topic": "Automation in V&V",
      "chapter": "Verification and Validation Processes",
      "important": true,
      "answers": [
        {
          "id": "a1-q5-vv-strat-quiz",
          "text": "They may overlook subtle issues that require expert human judgment",
          "isCorrect": true,
          "explanation": "Automated tools are powerful but cannot capture all nuances without expert review."
        },
        {
          "id": "a2-q5-vv-strat-quiz",
          "text": "They completely eliminate the need for physical testing",
          "isCorrect": false,
          "explanation": "Automation supports testing but does not replace the need for empirical validation."
        },
        {
          "id": "a3-q5-vv-strat-quiz",
          "text": "They are less effective than manual reviews in all cases",
          "isCorrect": false,
          "explanation": "Automation can be highly effective when combined with manual oversight."
        },
        {
          "id": "a4-q5-vv-strat-quiz",
          "text": "They reduce documentation requirements to a level that is insufficient for audits",
          "isCorrect": false,
          "explanation": "Documentation remains essential, but automation generally improves consistency rather than reducing it excessively."
        }
      ]
    },
    {
      "id": "q6-vv-strat-quiz",
      "text": "Which statement best explains why V&V activities should be iterative throughout the system life cycle?",
      "type": "simple-choice",
      "difficulty": "hard",
      "topic": "Iterative V&V",
      "chapter": "Verification and Validation Processes",
      "important": true,
      "answers": [
        {
          "id": "a1-q6-vv-strat-quiz",
          "text": "Because continuous feedback allows for refinement of both the product and the V&V methods",
          "isCorrect": true,
          "explanation": "Iterative V&V ensures that evolving requirements and design changes are effectively validated and verified."
        },
        {
          "id": "a2-q6-vv-strat-quiz",
          "text": "Because it reduces the overall testing time by avoiding repetition",
          "isCorrect": false,
          "explanation": "Iterative processes may increase the number of test cycles, but they enhance quality."
        },
        {
          "id": "a3-q6-vv-strat-quiz",
          "text": "Because it allows for a one-time, comprehensive validation at the end of the project",
          "isCorrect": false,
          "explanation": "A one-time validation does not capture changes during the project lifecycle."
        },
        {
          "id": "a4-q6-vv-strat-quiz",
          "text": "Because iterative V&V is mandated by all international standards",
          "isCorrect": false,
          "explanation": "Standards recommend iterative approaches for quality, not merely mandate them."
        }
      ]
    },
    {
      "id": "q7-vv-strat-quiz",
      "text": "Select all that apply: Which aspects of the validation environment are most critical when planning V&V activities? (Select 2)",
      "type": "multiple-choice",
      "difficulty": "medium",
      "topic": "Validation Environment",
      "chapter": "Validation Processes",
      "important": true,
      "answers": [
        {
          "id": "a1-q7-vv-strat-quiz",
          "text": "Real-world operating conditions",
          "isCorrect": true,
          "explanation": "Validation must consider how the system will perform under actual operating conditions."
        },
        {
          "id": "a2-q7-vv-strat-quiz",
          "text": "User interaction scenarios",
          "isCorrect": true,
          "explanation": "Understanding how users interact with the system is vital for effective validation."
        },
        {
          "id": "a3-q7-vv-strat-quiz",
          "text": "Ideal laboratory conditions only",
          "isCorrect": false,
          "explanation": "Ideal conditions rarely capture the complexities of real-world use."
        },
        {
          "id": "a4-q7-vv-strat-quiz",
          "text": "Historical interface designs",
          "isCorrect": false,
          "explanation": "While historical data can be informative, the focus should be on current and projected use conditions."
        }
      ]
    },
    {
      "id": "q8-vv-strat-quiz",
      "text": "What is the primary challenge in balancing cost and quality in V&V strategies?",
      "type": "simple-choice",
      "difficulty": "hard",
      "topic": "Cost-Quality Trade-off",
      "chapter": "Verification and Validation Processes",
      "important": true,
      "answers": [
        {
          "id": "a1-q8-vv-strat-quiz",
          "text": "Achieving sufficient test coverage without incurring prohibitive costs",
          "isCorrect": true,
          "explanation": "Balancing cost and quality involves ensuring thorough testing without overextending resources."
        },
        {
          "id": "a2-q8-vv-strat-quiz",
          "text": "Focusing exclusively on automated tests to save money",
          "isCorrect": false,
          "explanation": "Automation helps but cannot completely substitute for comprehensive V&V efforts."
        },
        {
          "id": "a3-q8-vv-strat-quiz",
          "text": "Eliminating all risk through exhaustive testing",
          "isCorrect": false,
          "explanation": "It is impractical to eliminate all risks; the goal is to reduce them to an acceptable level."
        },
        {
          "id": "a4-q8-vv-strat-quiz",
          "text": "Prioritizing cost reduction at the expense of thorough validation",
          "isCorrect": false,
          "explanation": "Cost reduction should not compromise the overall quality and safety of the system."
        }
      ]
    },
    {
      "id": "q9-vv-strat-quiz",
      "text": "Select all that apply: Which factors are essential for determining the appropriate level of V&V rigor in a project? (Select 2)",
      "type": "multiple-choice",
      "difficulty": "medium",
      "topic": "V&V Rigor",
      "chapter": "Verification and Validation Processes",
      "important": true,
      "answers": [
        {
          "id": "a1-q9-vv-strat-quiz",
          "text": "The criticality of system functions and potential impact of failure",
          "isCorrect": true,
          "explanation": "Higher criticality generally requires more rigorous V&V activities."
        },
        {
          "id": "a2-q9-vv-strat-quiz",
          "text": "The maturity of the system and associated technologies",
          "isCorrect": true,
          "explanation": "Mature systems may require less intensive V&V compared to novel or rapidly evolving technologies."
        },
        {
          "id": "a3-q9-vv-strat-quiz",
          "text": "The total number of components regardless of complexity",
          "isCorrect": false,
          "explanation": "Component count alone does not determine V&V rigor; complexity and interdependency are more critical."
        },
        {
          "id": "a4-q9-vv-strat-quiz",
          "text": "The geographic distribution of the project team",
          "isCorrect": false,
          "explanation": "While relevant for coordination, it is less directly related to V&V rigor."
        }
      ]
    },
    {
      "id": "q10-vv-strat-quiz",
      "text": "Which statement best reflects a nuanced approach to balancing risk, cost, and quality in V&V planning?",
      "type": "simple-choice",
      "difficulty": "hard",
      "topic": "V&V Trade-offs",
      "chapter": "Verification and Validation Processes",
      "important": true,
      "answers": [
        {
          "id": "a1-q10-vv-strat-quiz",
          "text": "An effective V&V plan strategically allocates resources to critical testing areas while ensuring that validation covers real-world operational scenarios, thereby achieving an optimal balance.",
          "isCorrect": true,
          "explanation": "This approach acknowledges that thorough testing and validation must be balanced against available resources and the operational importance of system functions."
        },
        {
          "id": "a2-q10-vv-strat-quiz",
          "text": "Cost should always be minimized, even if it reduces test coverage",
          "isCorrect": false,
          "explanation": "Overemphasizing cost reduction can compromise system quality and safety."
        },
        {
          "id": "a3-q10-vv-strat-quiz",
          "text": "Quality and risk mitigation are achieved only by maximizing test automation",
          "isCorrect": false,
          "explanation": "Automation is a tool to support V&V, but it cannot replace the need for human oversight and comprehensive validation."
        },
        {
          "id": "a4-q10-vv-strat-quiz",
          "text": "V&V planning should prioritize risk elimination, even if it significantly delays project delivery",
          "isCorrect": false,
          "explanation": "Risk elimination is rarely feasible; instead, the goal is to reduce risk to acceptable levels without unduly impacting schedules."
        }
      ]
    }
  ]
}
