{
    "id": "advanced-tech-processes-quiz",
    "name": "Advanced Technical Management Processes Quiz",
    "subjectId": "se-handbook",
    "questions": [
      {
        "id": "q1-advanced-tech-processes",
        "text": "In the Project Planning Process, what is a key factor that distinguishes an adaptive planning approach from a rigid plan?",
        "type": "simple-choice",
        "difficulty": "hard",
        "topic": "Project Planning Process",
        "chapter": "Technical Management Processes",
        "important": true,
        "answers": [
          {
            "id": "a1-q1-advanced-tech-processes",
            "text": "Incorporation of iterative review loops to refine schedule and resource allocation",
            "isCorrect": true,
            "explanation": "An adaptive approach relies on periodic reviews that update the plan based on new data, unlike rigid plans which are set in stone."
          },
          {
            "id": "a2-q1-advanced-tech-processes",
            "text": "Defining all tasks at the project outset without future modifications",
            "isCorrect": false,
            "explanation": "A plan fixed at the start cannot respond to evolving project needs."
          },
          {
            "id": "a3-q1-advanced-tech-processes",
            "text": "Focusing exclusively on cost and ignoring technical uncertainties",
            "isCorrect": false,
            "explanation": "Cost is one aspect, but adaptive planning requires addressing technical uncertainties as well."
          },
          {
            "id": "a4-q1-advanced-tech-processes",
            "text": "Outsourcing planning to external consultants for periodic updates",
            "isCorrect": false,
            "explanation": "While external input can help, the key factor is internal iterative review, not solely outsourcing."
          }
        ]
      },
      {
        "id": "q2-advanced-tech-processes",
        "text": "Select all that apply: Which components are critical for an effective Decision Management Process? (Select 2)",
        "type": "multiple-choice",
        "difficulty": "hard",
        "topic": "Decision Management",
        "chapter": "Technical Management Processes",
        "important": true,
        "answers": [
          {
            "id": "a1-q2-advanced-tech-processes",
            "text": "Integration of quantitative risk and performance data",
            "isCorrect": true,
            "explanation": "Quantitative data supports objective decision-making by providing measurable trade-offs."
          },
          {
            "id": "a2-q2-advanced-tech-processes",
            "text": "Iterative feedback loops to update decision criteria",
            "isCorrect": true,
            "explanation": "Feedback loops ensure that decision criteria evolve with project changes."
          },
          {
            "id": "a3-q2-advanced-tech-processes",
            "text": "Exclusive reliance on managerial intuition",
            "isCorrect": false,
            "explanation": "While experience is valuable, a balanced approach requires data and iterative analysis."
          },
          {
            "id": "a4-q2-advanced-tech-processes",
            "text": "Outsourcing decision-making to an independent committee",
            "isCorrect": false,
            "explanation": "Decision Management should be integrated within the technical management framework rather than entirely external."
          }
        ]
      },
      {
        "id": "q3-advanced-tech-processes",
        "text": "What distinguishes the Measurement Process in technical management from simple data collection?",
        "type": "simple-choice",
        "difficulty": "hard",
        "topic": "Measurement Process",
        "chapter": "Technical Management Processes",
        "important": true,
        "answers": [
          {
            "id": "a1-q3-advanced-tech-processes",
            "text": "It systematically converts raw data into actionable performance metrics that inform process improvements",
            "isCorrect": true,
            "explanation": "The Measurement Process goes beyond collecting data; it analyzes and correlates data to support decision-making."
          },
          {
            "id": "a2-q3-advanced-tech-processes",
            "text": "It only focuses on financial metrics for budget tracking",
            "isCorrect": false,
            "explanation": "Measurement encompasses technical performance, schedule, and quality—not just cost."
          },
          {
            "id": "a3-q3-advanced-tech-processes",
            "text": "It eliminates the need for manual reviews by automating all data analysis",
            "isCorrect": false,
            "explanation": "Automation supports analysis, but expert interpretation remains essential."
          },
          {
            "id": "a4-q3-advanced-tech-processes",
            "text": "It aggregates data without linking it to project outcomes",
            "isCorrect": false,
            "explanation": "Effective measurement must be tied to outcomes to drive improvements."
          }
        ]
      },
      {
        "id": "q4-advanced-tech-processes",
        "text": "Which statement best explains the role of Configuration Management in mitigating technical risks?",
        "type": "simple-choice",
        "difficulty": "hard",
        "topic": "Configuration Management",
        "chapter": "Technical Processes",
        "important": true,
        "answers": [
          {
            "id": "a1-q4-advanced-tech-processes",
            "text": "It maintains controlled records of system changes, ensuring that unintended modifications do not compromise performance",
            "isCorrect": true,
            "explanation": "Configuration Management is crucial for tracking and controlling changes, which reduces the risk of unexpected issues."
          },
          {
            "id": "a2-q4-advanced-tech-processes",
            "text": "It primarily focuses on reducing documentation to cut costs",
            "isCorrect": false,
            "explanation": "While cost may be impacted, its main role is change control and system integrity."
          },
          {
            "id": "a3-q4-advanced-tech-processes",
            "text": "It automates the entire project without the need for human oversight",
            "isCorrect": false,
            "explanation": "Automation supports configuration management, but human oversight is essential for decision-making."
          },
          {
            "id": "a4-q4-advanced-tech-processes",
            "text": "It ensures that only design-approved components are used during production, regardless of cost or schedule",
            "isCorrect": false,
            "explanation": "While it enforces design integrity, configuration management must also balance cost and schedule constraints."
          }
        ]
      },
      {
        "id": "q5-advanced-tech-processes",
        "text": "Select all that apply: Which activities are involved in the Risk Management Process within Technical Management? (Select 2)",
        "type": "multiple-choice",
        "difficulty": "hard",
        "topic": "Risk Management",
        "chapter": "Technical Management Processes",
        "important": true,
        "answers": [
          {
            "id": "a1-q5-advanced-tech-processes",
            "text": "Monitoring risk indicators and updating risk assessments",
            "isCorrect": true,
            "explanation": "Continuous monitoring ensures that risk levels are kept in check and mitigation strategies are updated."
          },
          {
            "id": "a2-q5-advanced-tech-processes",
            "text": "Incorporating risk data into overall performance metrics",
            "isCorrect": true,
            "explanation": "Integrating risk data with performance metrics allows for a comprehensive view of project health."
          },
          {
            "id": "a3-q5-advanced-tech-processes",
            "text": "Isolating risk management as a separate, independent process",
            "isCorrect": false,
            "explanation": "Risk management should be integrated with technical processes rather than isolated."
          },
          {
            "id": "a4-q5-advanced-tech-processes",
            "text": "Focusing solely on risk transfer to external parties",
            "isCorrect": false,
            "explanation": "While risk transfer is an option, internal risk management encompasses a wider range of strategies."
          }
        ]
      },
      {
        "id": "q6-advanced-tech-processes",
        "text": "What distinguishes the Decision Management Process from general project decision-making in SE?",
        "type": "simple-choice",
        "difficulty": "hard",
        "topic": "Decision Management",
        "chapter": "Technical Management Processes",
        "important": true,
        "answers": [
          {
            "id": "a1-q6-advanced-tech-processes",
            "text": "It incorporates structured analytical methods to evaluate trade-offs and integrates risk and performance data",
            "isCorrect": true,
            "explanation": "This process goes beyond ad hoc decisions by applying a systematic approach based on data and risk analysis."
          },
          {
            "id": "a2-q6-advanced-tech-processes",
            "text": "It relies solely on managerial intuition and experience",
            "isCorrect": false,
            "explanation": "Although experience matters, effective decision management requires objective data and analysis."
          },
          {
            "id": "a3-q6-advanced-tech-processes",
            "text": "It focuses only on short-term project issues",
            "isCorrect": false,
            "explanation": "The process is designed to balance both short-term and long-term considerations through iterative reviews."
          },
          {
            "id": "a4-q6-advanced-tech-processes",
            "text": "It excludes risk considerations to simplify decision-making",
            "isCorrect": false,
            "explanation": "Risk is a critical input to the decision-making process in SE."
          }
        ]
      },
      {
        "id": "q7-advanced-tech-processes",
        "text": "Select all that apply: Which aspects are measured in the Measurement Process to assess system performance? (Select 2)",
        "type": "multiple-choice",
        "difficulty": "medium",
        "topic": "Measurement Process",
        "chapter": "Technical Management Processes",
        "important": true,
        "answers": [
          {
            "id": "a1-q7-advanced-tech-processes",
            "text": "Performance efficiency and reliability",
            "isCorrect": true,
            "explanation": "These factors are key indicators of system performance."
          },
          {
            "id": "a2-q7-advanced-tech-processes",
            "text": "Cost, schedule adherence, and quality metrics",
            "isCorrect": true,
            "explanation": "They provide a comprehensive view of project progress and system effectiveness."
          },
          {
            "id": "a3-q7-advanced-tech-processes",
            "text": "Aesthetic design parameters",
            "isCorrect": false,
            "explanation": "Aesthetics are generally not a focus in technical performance measurements."
          },
          {
            "id": "a4-q7-advanced-tech-processes",
            "text": "Employee satisfaction ratings",
            "isCorrect": false,
            "explanation": "Employee satisfaction is not typically part of the technical measurement process."
          }
        ]
      },
      {
        "id": "q8-advanced-tech-processes",
        "text": "Which challenge is most significant when integrating data from multiple technical management processes?",
        "type": "simple-choice",
        "difficulty": "hard",
        "topic": "Data Integration",
        "chapter": "Technical Management Processes",
        "important": true,
        "answers": [
          {
            "id": "a1-q8-advanced-tech-processes",
            "text": "Ensuring consistency in metrics and definitions across different processes",
            "isCorrect": true,
            "explanation": "Consistent data is essential for reliable cross-process analysis and decision-making."
          },
          {
            "id": "a2-q8-advanced-tech-processes",
            "text": "Focusing only on financial metrics",
            "isCorrect": false,
            "explanation": "A narrow focus would not capture the full spectrum of performance data."
          },
          {
            "id": "a3-q8-advanced-tech-processes",
            "text": "Allowing each process to use its own unique methodology without coordination",
            "isCorrect": false,
            "explanation": "Uncoordinated methodologies lead to inconsistencies that hinder integration."
          },
          {
            "id": "a4-q8-advanced-tech-processes",
            "text": "Relying solely on qualitative feedback",
            "isCorrect": false,
            "explanation": "While qualitative input is important, quantitative consistency is key for integration."
          }
        ]
      },
      {
        "id": "q9-advanced-tech-processes",
        "text": "Which statement best explains how Technical Management Processes interrelate to support overall system quality?",
        "type": "simple-choice",
        "difficulty": "hard",
        "topic": "Process Integration",
        "chapter": "Technical Management Processes",
        "important": true,
        "answers": [
          {
            "id": "a1-q9-advanced-tech-processes",
            "text": "They provide a framework where planning, decision making, risk management, and measurement are continuously aligned to ensure that the system meets both technical specifications and performance goals",
            "isCorrect": true,
            "explanation": "The interrelation of these processes creates a feedback loop that enhances overall quality."
          },
          {
            "id": "a2-q9-advanced-tech-processes",
            "text": "They operate independently, with minimal interaction between processes",
            "isCorrect": false,
            "explanation": "In reality, these processes must be integrated to be effective."
          },
          {
            "id": "a3-q9-advanced-tech-processes",
            "text": "They focus solely on reducing costs without considering performance trade-offs",
            "isCorrect": false,
            "explanation": "Cost is one aspect; overall quality requires balancing multiple factors."
          },
          {
            "id": "a4-q9-advanced-tech-processes",
            "text": "They are only used during the final testing phase of the project",
            "isCorrect": false,
            "explanation": "These processes span the entire project lifecycle, ensuring quality from planning to execution."
          }
        ]
      },
      {
        "id": "q10-advanced-tech-processes",
        "text": "Select all that apply: Which elements are essential for successful risk management within Technical Management Processes? (Select 2)",
        "type": "multiple-choice",
        "difficulty": "hard",
        "topic": "Risk Management Integration",
        "chapter": "Technical Management Processes",
        "important": true,
        "answers": [
          {
            "id": "a1-q10-advanced-tech-processes",
            "text": "Timely and accurate performance metrics",
            "isCorrect": true,
            "explanation": "Accurate metrics enable proactive risk identification and mitigation."
          },
          {
            "id": "a2-q10-advanced-tech-processes",
            "text": "Structured change control mechanisms that monitor process deviations",
            "isCorrect": true,
            "explanation": "Effective change control helps ensure that unexpected deviations are quickly addressed, reducing risk."
          },
          {
            "id": "a3-q10-advanced-tech-processes",
            "text": "Exclusive reliance on qualitative assessments",
            "isCorrect": false,
            "explanation": "A balanced mix of qualitative and quantitative data is needed for effective risk management."
          },
          {
            "id": "a4-q10-advanced-tech-processes",
            "text": "Isolation of risk management activities from other processes",
            "isCorrect": false,
            "explanation": "Risk management must be integrated with other technical management processes."
          }
        ]
      }
    ]
  }
  