{
  "id": "advanced-vv-concepts-quiz",
  "name": "Advanced V&V Concepts Quiz",
  "subjectId": "se-handbook",
  "questions": [
    {
      "id": "q1-advanced-vv-quiz",
      "text": "What is the primary purpose of Verification in Systems Engineering?",
      "type": "simple-choice",
      "difficulty": "medium",
      "topic": "Verification and Validation",
      "chapter": "Verification Processes",
      "important": true,
      "answers": [
        {
          "id": "a1-q1-advanced-vv-quiz",
          "text": "To confirm that system components meet their specified requirements",
          "isCorrect": true,
          "explanation": "Verification ensures that each component conforms to its design specifications."
        },
        {
          "id": "a2-q1-advanced-vv-quiz",
          "text": "To validate that the system meets user needs and operational requirements",
          "isCorrect": false,
          "explanation": "Validation, not verification, focuses on user needs and operational context."
        },
        {
          "id": "a3-q1-advanced-vv-quiz",
          "text": "To identify cost-saving opportunities within the system design",
          "isCorrect": false,
          "explanation": "Cost-saving may be a benefit, but it is not the primary focus of verification."
        },
        {
          "id": "a4-q1-advanced-vv-quiz",
          "text": "To eliminate the need for physical testing altogether",
          "isCorrect": false,
          "explanation": "While verification can reduce testing, it does not entirely replace the need for physical tests."
        }
      ]
    },
    {
      "id": "q2-advanced-vv-quiz",
      "text": "Select all that apply: Which techniques are commonly used during the verification phase? (Select 3)",
      "type": "multiple-choice",
      "difficulty": "medium",
      "topic": "Verification Techniques",
      "chapter": "Verification Processes",
      "important": true,
      "answers": [
        {
          "id": "a1-q2-advanced-vv-quiz",
          "text": "Inspections",
          "isCorrect": true,
          "explanation": "Inspections help detect discrepancies between design and implementation."
        },
        {
          "id": "a2-q2-advanced-vv-quiz",
          "text": "Reviews",
          "isCorrect": true,
          "explanation": "Reviews are critical to ensure compliance with requirements."
        },
        {
          "id": "a3-q2-advanced-vv-quiz",
          "text": "Testing",
          "isCorrect": true,
          "explanation": "Testing verifies that components function as expected under defined conditions."
        },
        {
          "id": "a4-q2-advanced-vv-quiz",
          "text": "Market analysis",
          "isCorrect": false,
          "explanation": "Market analysis is not a verification technique."
        }
      ]
    },
    {
      "id": "q3-advanced-vv-quiz",
      "text": "What distinguishes Validation from Verification in V&V?",
      "type": "simple-choice",
      "difficulty": "hard",
      "topic": "Validation Concepts",
      "chapter": "Validation Processes",
      "important": true,
      "answers": [
        {
          "id": "a1-q3-advanced-vv-quiz",
          "text": "Validation checks that the system fulfills its intended use in the operational environment",
          "isCorrect": true,
          "explanation": "Validation focuses on ensuring that the system meets user needs in real-world conditions."
        },
        {
          "id": "a2-q3-advanced-vv-quiz",
          "text": "Validation ensures compliance with design specifications",
          "isCorrect": false,
          "explanation": "That is the role of verification; validation is user-focused."
        },
        {
          "id": "a3-q3-advanced-vv-quiz",
          "text": "Validation eliminates the need for further testing after implementation",
          "isCorrect": false,
          "explanation": "Validation supplements testing but does not replace it entirely."
        },
        {
          "id": "a4-q3-advanced-vv-quiz",
          "text": "Validation and verification are identical processes",
          "isCorrect": false,
          "explanation": "They serve different purposes; one is product-focused, the other user-focused."
        }
      ]
    },
    {
      "id": "q4-advanced-vv-quiz",
      "text": "Select all that apply: Which challenges are typically encountered during V&V activities? (Select 2)",
      "type": "multiple-choice",
      "difficulty": "hard",
      "topic": "V&V Challenges",
      "chapter": "Verification and Validation Processes",
      "important": true,
      "answers": [
        {
          "id": "a1-q4-advanced-vv-quiz",
          "text": "Incomplete or ambiguous requirements",
          "isCorrect": true,
          "explanation": "Poorly defined requirements make it difficult to design effective V&V activities."
        },
        {
          "id": "a2-q4-advanced-vv-quiz",
          "text": "Rapid technological changes affecting test environments",
          "isCorrect": true,
          "explanation": "Changing technologies can outdate test methods and tools, complicating V&V."
        },
        {
          "id": "a3-q4-advanced-vv-quiz",
          "text": "Excessive documentation that simplifies verification",
          "isCorrect": false,
          "explanation": "While documentation can be burdensome, it generally supports, rather than simplifies, verification."
        },
        {
          "id": "a4-q4-advanced-vv-quiz",
          "text": "Complete standardization of validation techniques across domains",
          "isCorrect": false,
          "explanation": "Standardization is rare given the diverse nature of systems and their operational contexts."
        }
      ]
    },
    {
      "id": "q5-advanced-vv-quiz",
      "text": "Which statement best captures the importance of an integrated V&V plan throughout the system lifecycle?",
      "type": "simple-choice",
      "difficulty": "hard",
      "topic": "V&V Planning",
      "chapter": "Verification and Validation Processes",
      "important": true,
      "answers": [
        {
          "id": "a1-q5-advanced-vv-quiz",
          "text": "It ensures that verification and validation activities are coordinated and evolve with project changes",
          "isCorrect": true,
          "explanation": "An integrated plan aligns V&V activities with evolving requirements and project phases."
        },
        {
          "id": "a2-q5-advanced-vv-quiz",
          "text": "It allows V&V to be performed only at the end of the project",
          "isCorrect": false,
          "explanation": "V&V must be iterative and continuous, not deferred until the end."
        },
        {
          "id": "a3-q5-advanced-vv-quiz",
          "text": "It focuses solely on reducing test costs",
          "isCorrect": false,
          "explanation": "While cost is a factor, the primary aim is to ensure system quality and performance."
        },
        {
          "id": "a4-q5-advanced-vv-quiz",
          "text": "It replaces the need for stakeholder reviews",
          "isCorrect": false,
          "explanation": "Stakeholder feedback is a critical component of validation, complementing the V&V plan."
        }
      ]
    },
    {
      "id": "q6-advanced-vv-quiz",
      "text": "What is the role of simulation in the V&V process?",
      "type": "simple-choice",
      "difficulty": "medium",
      "topic": "Simulation in V&V",
      "chapter": "Verification and Validation Processes",
      "important": true,
      "answers": [
        {
          "id": "a1-q6-advanced-vv-quiz",
          "text": "To model and test system behavior under controlled virtual conditions",
          "isCorrect": true,
          "explanation": "Simulation allows engineers to validate performance and detect issues before physical prototypes are built."
        },
        {
          "id": "a2-q6-advanced-vv-quiz",
          "text": "To replace all physical testing",
          "isCorrect": false,
          "explanation": "Simulation complements, but does not entirely replace, physical testing."
        },
        {
          "id": "a3-q6-advanced-vv-quiz",
          "text": "To solely generate visual representations of the system",
          "isCorrect": false,
          "explanation": "While visualization is a benefit, simulation’s primary role is in performance evaluation."
        },
        {
          "id": "a4-q6-advanced-vv-quiz",
          "text": "To standardize the verification process across all projects",
          "isCorrect": false,
          "explanation": "Standardization is not the main goal of simulation; adaptability is."
        }
      ]
    },
    {
      "id": "q7-advanced-vv-quiz",
      "text": "Select all that apply: Which aspects of the operational environment are critical to consider during the Validation process? (Select 2)",
      "type": "multiple-choice",
      "difficulty": "hard",
      "topic": "Validation Environment",
      "chapter": "Validation Processes",
      "important": true,
      "answers": [
        {
          "id": "a1-q7-advanced-vv-quiz",
          "text": "Real-world operating conditions and user interactions",
          "isCorrect": true,
          "explanation": "Validation must reflect the actual conditions under which the system will operate."
        },
        {
          "id": "a2-q7-advanced-vv-quiz",
          "text": "Environmental factors such as temperature, humidity, and vibration",
          "isCorrect": true,
          "explanation": "These factors can significantly affect system performance and are critical for validation."
        },
        {
          "id": "a3-q7-advanced-vv-quiz",
          "text": "Internal corporate policies unrelated to system operation",
          "isCorrect": false,
          "explanation": "While important for governance, internal policies are less critical to operational validation."
        },
        {
          "id": "a4-q7-advanced-vv-quiz",
          "text": "Static laboratory conditions only",
          "isCorrect": false,
          "explanation": "Validation requires dynamic, real-world conditions rather than only static tests."
        }
      ]
    },
    {
      "id": "q8-advanced-vv-quiz",
      "text": "Which statement best describes the challenge of ensuring comprehensive test coverage in V&V?",
      "type": "simple-choice",
      "difficulty": "hard",
      "topic": "Test Coverage",
      "chapter": "Verification and Validation Processes",
      "important": true,
      "answers": [
        {
          "id": "a1-q8-advanced-vv-quiz",
          "text": "Achieving complete coverage is challenging due to the complexity and variability of system interactions",
          "isCorrect": true,
          "explanation": "Complex systems may have numerous interaction paths, making exhaustive testing difficult."
        },
        {
          "id": "a2-q8-advanced-vv-quiz",
          "text": "Test coverage can be guaranteed by automating all test cases",
          "isCorrect": false,
          "explanation": "Automation helps, but cannot capture all scenarios, especially in dynamic environments."
        },
        {
          "id": "a3-q8-advanced-vv-quiz",
          "text": "Comprehensive test coverage is unnecessary if a simulation is performed",
          "isCorrect": false,
          "explanation": "Both simulation and physical tests are needed to ensure coverage."
        },
        {
          "id": "a4-q8-advanced-vv-quiz",
          "text": "It is only a concern in software systems, not in hardware",
          "isCorrect": false,
          "explanation": "Test coverage is critical across both hardware and software components."
        }
      ]
    },
    {
      "id": "q9-advanced-vv-quiz",
      "text": "Select all that apply: Which actions help maintain the relevance of V&V activities as system requirements evolve? (Select 2)",
      "type": "multiple-choice",
      "difficulty": "medium",
      "topic": "Continuous V&V Improvement",
      "chapter": "Verification and Validation Processes",
      "important": true,
      "answers": [
        {
          "id": "a1-q9-advanced-vv-quiz",
          "text": "Periodic review and update of test cases and validation criteria",
          "isCorrect": true,
          "explanation": "Regular updates ensure that V&V activities remain aligned with evolving system requirements."
        },
        {
          "id": "a2-q9-advanced-vv-quiz",
          "text": "Integrating feedback from operational deployments",
          "isCorrect": true,
          "explanation": "Operational feedback helps refine validation activities to match real-world performance."
        },
        {
          "id": "a3-q9-advanced-vv-quiz",
          "text": "Fixing test cases at the project start and not revisiting them",
          "isCorrect": false,
          "explanation": "Test cases must evolve; a static set quickly becomes obsolete."
        },
        {
          "id": "a4-q9-advanced-vv-quiz",
          "text": "Relying exclusively on initial design documents for validation",
          "isCorrect": false,
          "explanation": "Validation must account for changes over the project lifecycle, not just initial documents."
        }
      ]
    },
    {
      "id": "q10-advanced-vv-quiz",
      "text": "Which statement best explains the interdependence between Verification and Validation activities?",
      "type": "simple-choice",
      "difficulty": "hard",
      "topic": "V&V Integration",
      "chapter": "Verification and Validation Processes",
      "important": true,
      "answers": [
        {
          "id": "a1-q10-advanced-vv-quiz",
          "text": "Verification ensures components meet specifications while Validation ensures the system meets user needs, and both processes inform each other to achieve overall quality",
          "isCorrect": true,
          "explanation": "The two processes complement each other—verification checks adherence to specifications, and validation confirms that the final product is fit for its intended use."
        },
        {
          "id": "a2-q10-advanced-vv-quiz",
          "text": "Verification and Validation are completely independent and should not be integrated",
          "isCorrect": false,
          "explanation": "Integration of V&V activities is crucial for an overall quality assurance approach."
        },
        {
          "id": "a3-q10-advanced-vv-quiz",
          "text": "Validation replaces the need for verification once the system is operational",
          "isCorrect": false,
          "explanation": "Both are necessary throughout the lifecycle and provide complementary insights."
        },
        {
          "id": "a4-q10-advanced-vv-quiz",
          "text": "Their interdependence is minimal as long as each process is conducted thoroughly",
          "isCorrect": false,
          "explanation": "In practice, the results of one process often influence the other; their integration is key to reducing overall risk."
        }
      ]
    }
  ]
}
