{
  "id": "se-intro-quiz-2",
  "name": "Systems Engineering Introduction Quiz 2",
  "subjectId": "se-fundamentals",
  "questions": [
    {
      "id": "q1-se-intro-quiz-2",
      "text": "Which of the following best describes the purpose of Systems Engineering?",
      "type": "simple-choice",
      "difficulty": "medium",
      "topic": "Systems Engineering Introduction",
      "chapter": "1.1 Systems Engineering Introduction",
      "important": false,
      "answers": [
        {
          "id": "q1-se-intro-quiz-2-a1",
          "text": "Integrating diverse disciplines to produce effective systems that meet stakeholder needs",
          "isCorrect": true,
          "explanation": "Systems Engineering focuses on integrating technical, managerial, and human factors to deliver a cohesive system."
        },
        {
          "id": "q1-se-intro-quiz-2-a2",
          "text": "Developing software applications exclusively",
          "isCorrect": false,
          "explanation": "While software is one aspect, Systems Engineering addresses a broader scope beyond software development."
        },
        {
          "id": "q1-se-intro-quiz-2-a3",
          "text": "Isolating system components for independent analysis",
          "isCorrect": false,
          "explanation": "Systems Engineering emphasizes the interaction and integration of components rather than their isolation."
        },
        {
          "id": "q1-se-intro-quiz-2-a4",
          "text": "Focusing solely on cost management",
          "isCorrect": false,
          "explanation": "Cost management is only one aspect; the core purpose is holistic integration and meeting stakeholder needs."
        }
      ],
      "tags": [
        "systems-engineering overall",
        "concepts",
        "systems"
      ],
      "source": "INCOSE Handbook 4.0, Section 1.1",
      "source-question": "ChatGPT",
      "user-tags": [],
      "comments": [],
      "notations": []
    },
    {
      "id": "q2-se-intro-quiz-2",
      "text": "Select all key attributes of a system as defined in Systems Engineering (select 3).",
      "type": "multiple-choice",
      "difficulty": "medium",
      "topic": "Systems Engineering Introduction",
      "chapter": "1.1 Systems Engineering Introduction",
      "important": false,
      "answers": [
        {
          "id": "q2-se-intro-quiz-2-a1",
          "text": "Emergence, where new properties arise from component interactions",
          "isCorrect": true,
          "explanation": "Emergence is fundamental, indicating properties that are not present in individual components."
        },
        {
          "id": "q2-se-intro-quiz-2-a2",
          "text": "Interdependency among system elements",
          "isCorrect": true,
          "explanation": "Systems are characterized by interactions and dependencies among their components."
        },
        {
          "id": "q2-se-intro-quiz-2-a3",
          "text": "Complete isolation of components",
          "isCorrect": false,
          "explanation": "Isolation contradicts the core idea of a system, which relies on integration and interaction."
        },
        {
          "id": "q2-se-intro-quiz-2-a4",
          "text": "Holistic integration of parts to achieve overall functionality",
          "isCorrect": true,
          "explanation": "A holistic approach ensures that the entire system works together to meet its objectives."
        }
      ],
      "tags": [
        "systems-engineering overall",
        "concepts",
        "systems"
      ],
      "source": "INCOSE Handbook 4.0, Section 1.1",
      "source-question": "ChatGPT",
      "user-tags": [],
      "comments": [],
      "notations": []
    },
    {
      "id": "q3-se-intro-quiz-2",
      "text": "What does 'systems thinking' primarily entail in the context of Systems Engineering?",
      "type": "simple-choice",
      "difficulty": "medium",
      "topic": "Systems Engineering Introduction",
      "chapter": "1.1 Systems Engineering Introduction",
      "important": false,
      "answers": [
        {
          "id": "q3-se-intro-quiz-2-a1",
          "text": "Analyzing components independently without considering interactions",
          "isCorrect": false,
          "explanation": "Systems thinking requires understanding the interactions among components."
        },
        {
          "id": "q3-se-intro-quiz-2-a2",
          "text": "Understanding interrelationships among system elements to optimize overall performance",
          "isCorrect": true,
          "explanation": "This approach ensures cohesive operation of the entire system."
        },
        {
          "id": "q3-se-intro-quiz-2-a3",
          "text": "Focusing solely on technical specifications over stakeholder requirements",
          "isCorrect": false,
          "explanation": "A balanced view is necessary, incorporating both technical details and stakeholder needs."
        },
        {
          "id": "q3-se-intro-quiz-2-a4",
          "text": "Emphasizing rapid prototyping without a comprehensive view",
          "isCorrect": false,
          "explanation": "Rapid prototyping is useful but does not capture the essence of systems thinking."
        }
      ],
      "tags": [
        "systems-engineering overall",
        "concepts",
        "systems"
      ],
      "source": "INCOSE Handbook 4.0, Section 1.1",
      "source-question": "ChatGPT",
      "user-tags": [],
      "comments": [],
      "notations": []
    },
    {
      "id": "q4-se-intro-quiz-2",
      "text": "Select all benefits of clearly defining system boundaries in Systems Engineering (select 3).",
      "type": "multiple-choice",
      "difficulty": "medium",
      "topic": "Systems Engineering Introduction",
      "chapter": "1.1 Systems Engineering Introduction",
      "important": false,
      "answers": [
        {
          "id": "q4-se-intro-quiz-2-a1",
          "text": "Clarifies the scope and identifies external interfaces",
          "isCorrect": true,
          "explanation": "Defining boundaries helps determine what is inside and outside the system."
        },
        {
          "id": "q4-se-intro-quiz-2-a2",
          "text": "Facilitates risk management by highlighting potential interaction points",
          "isCorrect": true,
          "explanation": "Knowing the boundaries aids in identifying and mitigating interface-related risks."
        },
        {
          "id": "q4-se-intro-quiz-2-a3",
          "text": "Limits communication among stakeholders",
          "isCorrect": false,
          "explanation": "Clear boundaries enhance communication by clarifying roles and interactions."
        },
        {
          "id": "q4-se-intro-quiz-2-a4",
          "text": "Enhances understanding of the system context within its environment",
          "isCorrect": true,
          "explanation": "A well-defined boundary provides insight into how the system interacts with external elements."
        }
      ],
      "tags": [
        "systems-engineering overall",
        "concepts",
        "systems"
      ],
      "source": "INCOSE Handbook 4.0, Section 1.1",
      "source-question": "ChatGPT",
      "user-tags": [],
      "comments": [],
      "notations": []
    },
    {
      "id": "q5-se-intro-quiz-2",
      "text": "Which phase is NOT typically part of the Systems Engineering lifecycle?",
      "type": "simple-choice",
      "difficulty": "medium",
      "topic": "Systems Engineering Introduction",
      "chapter": "1.1 Systems Engineering Introduction",
      "important": false,
      "answers": [
        {
          "id": "q5-se-intro-quiz-2-a1",
          "text": "Concept",
          "isCorrect": false,
          "explanation": "Concept is a recognized phase of the lifecycle."
        },
        {
          "id": "q5-se-intro-quiz-2-a2",
          "text": "Development",
          "isCorrect": false,
          "explanation": "Development is a core phase."
        },
        {
          "id": "q5-se-intro-quiz-2-a3",
          "text": "Operation",
          "isCorrect": false,
          "explanation": "Operation is typically included in the lifecycle."
        },
        {
          "id": "q5-se-intro-quiz-2-a4",
          "text": "Marketing",
          "isCorrect": true,
          "explanation": "Marketing is not generally considered a phase in the Systems Engineering lifecycle."
        }
      ],
      "tags": [
        "systems-engineering overall",
        "concepts",
        "systems"
      ],
      "source": "INCOSE Handbook 4.0, Section 1.1",
      "source-question": "ChatGPT",
      "user-tags": [],
      "comments": [],
      "notations": []
    },
    {
      "id": "q6-se-intro-quiz-2",
      "text": "Select all correct statements regarding the role of stakeholders in Systems Engineering.",
      "type": "multiple-choice",
      "difficulty": "medium",
      "topic": "Systems Engineering Introduction",
      "chapter": "1.1 Systems Engineering Introduction",
      "important": false,
      "answers": [
        {
          "id": "q6-se-intro-quiz-2-a1",
          "text": "Stakeholders provide requirements and expectations for the system",
          "isCorrect": true,
          "explanation": "Their input is crucial for defining system objectives."
        },
        {
          "id": "q6-se-intro-quiz-2-a2",
          "text": "Stakeholder involvement is a one-time activity at the beginning of the project",
          "isCorrect": false,
          "explanation": "Effective Systems Engineering involves stakeholders continuously throughout the lifecycle."
        },
        {
          "id": "q6-se-intro-quiz-2-a3",
          "text": "Their engagement helps align system design with user needs",
          "isCorrect": true,
          "explanation": "Ongoing engagement ensures that the system meets real-world requirements."
        },
        {
          "id": "q6-se-intro-quiz-2-a4",
          "text": "Neglecting stakeholder input has no impact on system success",
          "isCorrect": false,
          "explanation": "Ignoring stakeholder input can lead to a system that does not satisfy its intended purpose."
        }
      ],
      "tags": [
        "systems-engineering overall",
        "concepts",
        "systems"
      ],
      "source": "INCOSE Handbook 4.0, Section 1.1",
      "source-question": "ChatGPT",
      "user-tags": [],
      "comments": [],
      "notations": []
    },
    {
      "id": "q7-se-intro-quiz-2",
      "text": "What does 'emergence' in Systems Engineering refer to?",
      "type": "simple-choice",
      "difficulty": "medium",
      "topic": "Systems Engineering Introduction",
      "chapter": "1.1 Systems Engineering Introduction",
      "important": false,
      "answers": [
        {
          "id": "q7-se-intro-quiz-2-a1",
          "text": "The phenomenon where system properties arise from the interactions among components",
          "isCorrect": true,
          "explanation": "Emergence explains how the overall system behavior is not merely the sum of its parts."
        },
        {
          "id": "q7-se-intro-quiz-2-a2",
          "text": "A process for isolating individual system components",
          "isCorrect": false,
          "explanation": "It is about interactions, not isolation."
        },
        {
          "id": "q7-se-intro-quiz-2-a3",
          "text": "A method for rapid prototyping without integration",
          "isCorrect": false,
          "explanation": "Rapid prototyping does not capture the concept of emergence."
        },
        {
          "id": "q7-se-intro-quiz-2-a4",
          "text": "A design technique that minimizes component interaction",
          "isCorrect": false,
          "explanation": "Minimizing interactions contradicts the principle of emergence."
        }
      ],
      "tags": [
        "systems-engineering overall",
        "concepts",
        "systems"
      ],
      "source": "INCOSE Handbook 4.0, Section 1.1",
      "source-question": "ChatGPT",
      "user-tags": [],
      "comments": [],
      "notations": []
    },
    {
      "id": "q8-se-intro-quiz-2",
      "text": "Select all factors that contribute to managing complexity in Systems Engineering.",
      "type": "multiple-choice",
      "difficulty": "medium",
      "topic": "Systems Engineering Introduction",
      "chapter": "1.1 Systems Engineering Introduction",
      "important": false,
      "answers": [
        {
          "id": "q8-se-intro-quiz-2-a1",
          "text": "Integration of technical, managerial, and human factors",
          "isCorrect": true,
          "explanation": "This integration is key to addressing complex system challenges."
        },
        {
          "id": "q8-se-intro-quiz-2-a2",
          "text": "Continuous risk management and iterative reviews",
          "isCorrect": true,
          "explanation": "Iterative processes and risk management help adapt to evolving complexity."
        },
        {
          "id": "q8-se-intro-quiz-2-a3",
          "text": "Ignoring environmental influences",
          "isCorrect": false,
          "explanation": "Environmental factors must be considered to manage complexity effectively."
        },
        {
          "id": "q8-se-intro-quiz-2-a4",
          "text": "Clear definition of system boundaries",
          "isCorrect": true,
          "explanation": "Well-defined boundaries help in understanding and managing system scope."
        }
      ],
      "tags": [
        "systems-engineering overall",
        "concepts",
        "systems"
      ],
      "source": "INCOSE Handbook 4.0, Section 1.1",
      "source-question": "ChatGPT",
      "user-tags": [],
      "comments": [],
      "notations": []
    },
    {
      "id": "q9-se-intro-quiz-2",
      "text": "Why is a holistic approach important in Systems Engineering?",
      "type": "simple-choice",
      "difficulty": "medium",
      "topic": "Systems Engineering Introduction",
      "chapter": "1.1 Systems Engineering Introduction",
      "important": false,
      "answers": [
        {
          "id": "q9-se-intro-quiz-2-a1",
          "text": "It ensures all system parts work together to achieve overall success",
          "isCorrect": true,
          "explanation": "A holistic approach integrates all disciplines to ensure the system meets its overall objectives."
        },
        {
          "id": "q9-se-intro-quiz-2-a2",
          "text": "It focuses exclusively on individual component performance",
          "isCorrect": false,
          "explanation": "Focusing solely on individual components neglects the essential interactions between them."
        },
        {
          "id": "q9-se-intro-quiz-2-a3",
          "text": "It disregards stakeholder requirements in favor of technical details",
          "isCorrect": false,
          "explanation": "Stakeholder needs are integral to a holistic approach, ensuring balanced system development."
        },
        {
          "id": "q9-se-intro-quiz-2-a4",
          "text": "It promotes isolated development of subsystems",
          "isCorrect": false,
          "explanation": "Isolated development contradicts the integrated, holistic nature of Systems Engineering."
        }
      ],
      "tags": [
        "systems-engineering overall",
        "concepts",
        "systems"
      ],
      "source": "INCOSE Handbook 4.0, Section 1.1",
      "source-question": "ChatGPT",
      "user-tags": [],
      "comments": [],
      "notations": []
    },
    {
      "id": "q1-se-intro-quiz-10",
      "text": "Select all practices that are essential for effective Systems Engineering as introduced in the handbook.",
      "type": "multiple-choice",
      "difficulty": "medium",
      "topic": "Systems Engineering Introduction",
      "chapter": "1.1 Systems Engineering Introduction",
      "important": false,
      "answers": [
        {
          "id": "q1-se-intro-quiz-10-a1",
          "text": "Defining clear system boundaries",
          "isCorrect": true,
          "explanation": "Clear boundaries are crucial for understanding system scope and interactions."
        },
        {
          "id": "q1-se-intro-quiz-10-a2",
          "text": "Engaging stakeholders throughout the lifecycle",
          "isCorrect": true,
          "explanation": "Continuous stakeholder engagement ensures that the system meets real-world needs."
        },
        {
          "id": "q1-se-intro-quiz-10-a3",
          "text": "Implementing iterative reviews and feedback loops",
          "isCorrect": true,
          "explanation": "Iterative processes help refine system requirements and improve overall design."
        },
        {
          "id": "q1-se-intro-quiz-10-a4",
          "text": "Relying solely on a one-time requirements definition",
          "isCorrect": false,
          "explanation": "A one-time approach is inadequate to capture evolving system needs."
        }
      ],
      "tags": [
        "systems-engineering overall",
        "concepts",
        "systems"
      ],
      "source": "INCOSE Handbook 4.0, Section 1.1",
      "source-question": "ChatGPT",
      "user-tags": [],
      "comments": [],
      "notations": []
    }
  ]
}
