{
  "id": "advanced-req-eng-quiz",
  "name": "Advanced Requirements Engineering Quiz",
  "subjectId": "se-handbook",
  "questions": [
    {
      "id": "q1-advanced-req-eng-quiz",
      "text": "Which of the following best describes the primary purpose of Requirements Engineering?",
      "type": "simple-choice",
      "difficulty": "medium",
      "topic": "Requirements Engineering",
      "chapter": "Requirements Engineering",
      "important": true,
      "answers": [
        {
          "id": "a1-q1-advanced-req-eng-quiz",
          "text": "To capture and formalize the needs of stakeholders to guide system development",
          "isCorrect": true,
          "explanation": "Effective Requirements Engineering ensures that stakeholder needs are clearly defined and traceable throughout the system lifecycle."
        },
        {
          "id": "a2-q1-advanced-req-eng-quiz",
          "text": "To design the detailed architecture of the system",
          "isCorrect": false,
          "explanation": "While architecture follows requirements, the primary focus is capturing and formalizing needs."
        },
        {
          "id": "a3-q1-advanced-req-eng-quiz",
          "text": "To plan the project's budget and schedule",
          "isCorrect": false,
          "explanation": "Budget and scheduling are important but are not the focus of Requirements Engineering."
        },
        {
          "id": "a4-q1-advanced-req-eng-quiz",
          "text": "To implement software components directly",
          "isCorrect": false,
          "explanation": "Implementation is a later phase; Requirements Engineering is concerned with definition and validation."
        }
      ]
    },
    {
      "id": "q2-advanced-req-eng-quiz",
      "text": "Select all that apply: Which techniques are commonly used in eliciting requirements from stakeholders? (Select 3)",
      "type": "multiple-choice",
      "difficulty": "medium",
      "topic": "Requirements Engineering",
      "chapter": "Requirements Elicitation",
      "important": true,
      "answers": [
        {
          "id": "a1-q2-advanced-req-eng-quiz",
          "text": "Interviews",
          "isCorrect": true,
          "explanation": "Interviews help gather detailed information directly from stakeholders."
        },
        {
          "id": "a2-q2-advanced-req-eng-quiz",
          "text": "Workshops",
          "isCorrect": true,
          "explanation": "Workshops foster group discussions to explore requirements collaboratively."
        },
        {
          "id": "a3-q2-advanced-req-eng-quiz",
          "text": "Observation",
          "isCorrect": true,
          "explanation": "Observing users in their environment can reveal implicit requirements."
        },
        {
          "id": "a4-q2-advanced-req-eng-quiz",
          "text": "Ignoring user feedback",
          "isCorrect": false,
          "explanation": "Ignoring feedback is contrary to the principles of effective elicitation."
        }
      ]
    },
    {
      "id": "q3-advanced-req-eng-quiz",
      "text": "What role does traceability play in Requirements Engineering?",
      "type": "simple-choice",
      "difficulty": "hard",
      "topic": "Traceability",
      "chapter": "Requirements Engineering",
      "important": true,
      "answers": [
        {
          "id": "a1-q3-advanced-req-eng-quiz",
          "text": "It ensures that every requirement is linked to design elements and test cases throughout the lifecycle",
          "isCorrect": true,
          "explanation": "Traceability is essential for verifying that stakeholder needs are met and for managing changes."
        },
        {
          "id": "a2-q3-advanced-req-eng-quiz",
          "text": "It is used primarily to reduce the project budget",
          "isCorrect": false,
          "explanation": "Cost reduction may be a side benefit, but traceability’s main role is ensuring completeness and consistency."
        },
        {
          "id": "a3-q3-advanced-req-eng-quiz",
          "text": "It documents design decisions without linking to requirements",
          "isCorrect": false,
          "explanation": "Traceability specifically links requirements to design and test artifacts."
        },
        {
          "id": "a4-q3-advanced-req-eng-quiz",
          "text": "It replaces the need for stakeholder reviews",
          "isCorrect": false,
          "explanation": "Stakeholder involvement remains critical even when traceability is in place."
        }
      ]
    },
    {
      "id": "q4-advanced-req-eng-quiz",
      "text": "Select all that apply: Which challenges are typically encountered in Requirements Engineering? (Select 2)",
      "type": "multiple-choice",
      "difficulty": "hard",
      "topic": "Challenges in Requirements Engineering",
      "chapter": "Requirements Engineering",
      "important": true,
      "answers": [
        {
          "id": "a1-q4-advanced-req-eng-quiz",
          "text": "Ambiguous or incomplete stakeholder requirements",
          "isCorrect": true,
          "explanation": "Ambiguity and incompleteness are common challenges that must be managed."
        },
        {
          "id": "a2-q4-advanced-req-eng-quiz",
          "text": "Frequent changes and evolving needs",
          "isCorrect": true,
          "explanation": "Requirements often change over time, requiring agile and adaptive processes."
        },
        {
          "id": "a3-q4-advanced-req-eng-quiz",
          "text": "Excessive standardization of requirements across all projects",
          "isCorrect": false,
          "explanation": "While consistency is important, overly rigid requirements can stifle innovation."
        },
        {
          "id": "a4-q4-advanced-req-eng-quiz",
          "text": "Complete isolation from the design process",
          "isCorrect": false,
          "explanation": "Effective Requirements Engineering is closely linked to design and validation activities."
        }
      ]
    },
    {
      "id": "q5-advanced-req-eng-quiz",
      "text": "Which of the following is a key benefit of using model-based approaches in Requirements Engineering?",
      "type": "simple-choice",
      "difficulty": "medium",
      "topic": "Model-Based SE",
      "chapter": "Requirements Engineering",
      "important": true,
      "answers": [
        {
          "id": "a1-q5-advanced-req-eng-quiz",
          "text": "It enhances clarity and enables simulation of requirements to assess feasibility",
          "isCorrect": true,
          "explanation": "Model-based approaches help visualize and validate requirements early in the process."
        },
        {
          "id": "a2-q5-advanced-req-eng-quiz",
          "text": "It increases the document count without adding value",
          "isCorrect": false,
          "explanation": "Modeling typically reduces reliance on lengthy textual documentation by providing visual representations."
        },
        {
          "id": "a3-q5-advanced-req-eng-quiz",
          "text": "It isolates requirements from design decisions",
          "isCorrect": false,
          "explanation": "Model-based approaches integrate requirements with design, improving traceability."
        },
        {
          "id": "a4-q5-advanced-req-eng-quiz",
          "text": "It is only applicable to software-intensive systems",
          "isCorrect": false,
          "explanation": "Model-based approaches are beneficial across multiple domains, not just software."
        }
      ]
    },
    {
      "id": "q6-advanced-req-eng-quiz",
      "text": "What is the primary challenge of requirements validation?",
      "type": "simple-choice",
      "difficulty": "hard",
      "topic": "Requirements Validation",
      "chapter": "Requirements Engineering",
      "important": true,
      "answers": [
        {
          "id": "a1-q6-advanced-req-eng-quiz",
          "text": "Ensuring that the requirements accurately reflect stakeholder needs and are feasible for implementation",
          "isCorrect": true,
          "explanation": "Validation is critical to ensure that what is captured truly represents the intended needs."
        },
        {
          "id": "a2-q6-advanced-req-eng-quiz",
          "text": "Eliminating the need for traceability",
          "isCorrect": false,
          "explanation": "Traceability remains an essential part of validating requirements."
        },
        {
          "id": "a3-q6-advanced-req-eng-quiz",
          "text": "Focusing solely on quantitative performance metrics",
          "isCorrect": false,
          "explanation": "Both qualitative and quantitative assessments are required for proper validation."
        },
        {
          "id": "a4-q6-advanced-req-eng-quiz",
          "text": "Relying exclusively on simulation results",
          "isCorrect": false,
          "explanation": "Simulation is a tool in validation, but stakeholder reviews and expert judgment are equally important."
        }
      ]
    },
    {
      "id": "q7-advanced-req-eng-quiz",
      "text": "Select all that apply: Which methods are used to resolve conflicts between conflicting requirements? (Select 2)",
      "type": "multiple-choice",
      "difficulty": "hard",
      "topic": "Requirements Conflict Resolution",
      "chapter": "Requirements Engineering",
      "important": true,
      "answers": [
        {
          "id": "a1-q7-advanced-req-eng-quiz",
          "text": "Facilitated stakeholder workshops",
          "isCorrect": true,
          "explanation": "Workshops enable stakeholders to negotiate and resolve conflicting requirements."
        },
        {
          "id": "a2-q7-advanced-req-eng-quiz",
          "text": "Trade-off analysis and decision modeling",
          "isCorrect": true,
          "explanation": "Analyzing trade-offs helps determine the best compromise between conflicting needs."
        },
        {
          "id": "a3-q7-advanced-req-eng-quiz",
          "text": "Ignoring the conflict in favor of technical priorities",
          "isCorrect": false,
          "explanation": "Ignoring conflicts can lead to significant project risks and misalignment with stakeholder needs."
        },
        {
          "id": "a4-q7-advanced-req-eng-quiz",
          "text": "Implementing changes without consulting stakeholders",
          "isCorrect": false,
          "explanation": "Stakeholder involvement is essential in resolving requirements conflicts."
        }
      ]
    },
    {
      "id": "q8-advanced-req-eng-quiz",
      "text": "Which difficulty level best characterizes the challenge of maintaining requirements traceability in large, complex projects?",
      "type": "simple-choice",
      "difficulty": "hard",
      "topic": "Traceability",
      "chapter": "Requirements Engineering",
      "important": true,
      "answers": [
        {
          "id": "a1-q8-advanced-req-eng-quiz",
          "text": "High difficulty due to the volume and complexity of artifacts",
          "isCorrect": true,
          "explanation": "Large projects generate numerous artifacts, making traceability management a significant challenge."
        },
        {
          "id": "a2-q8-advanced-req-eng-quiz",
          "text": "Low difficulty because automated tools solve all issues",
          "isCorrect": false,
          "explanation": "Although tools help, the complexity still makes traceability a challenging task."
        },
        {
          "id": "a3-q8-advanced-req-eng-quiz",
          "text": "Medium difficulty because only key requirements are tracked",
          "isCorrect": false,
          "explanation": "Even when focusing on key requirements, maintaining traceability is a complex task in large projects."
        },
        {
          "id": "a4-q8-advanced-req-eng-quiz",
          "text": "No difficulty if a one-time requirements capture is performed",
          "isCorrect": false,
          "explanation": "Requirements evolve over time, so traceability remains a persistent challenge."
        }
      ]
    },
    {
      "id": "q9-advanced-req-eng-quiz",
      "text": "Which factor is most critical in ensuring that requirements are both measurable and verifiable?",
      "type": "simple-choice",
      "difficulty": "medium",
      "topic": "Requirements Engineering",
      "chapter": "Requirements Engineering",
      "important": true,
      "answers": [
        {
          "id": "a1-q9-advanced-req-eng-quiz",
          "text": "Clear, unambiguous language and acceptance criteria",
          "isCorrect": true,
          "explanation": "Clear language and well-defined criteria enable effective verification of requirements."
        },
        {
          "id": "a2-q9-advanced-req-eng-quiz",
          "text": "High-level abstract statements",
          "isCorrect": false,
          "explanation": "High-level statements often lack the detail needed for measurement and verification."
        },
        {
          "id": "a3-q9-advanced-req-eng-quiz",
          "text": "Focus solely on qualitative descriptions",
          "isCorrect": false,
          "explanation": "Measurability requires quantitative or well-defined qualitative criteria."
        },
        {
          "id": "a4-q9-advanced-req-eng-quiz",
          "text": "Avoiding any form of change management",
          "isCorrect": false,
          "explanation": "Change management is essential; requirements must evolve while remaining measurable."
        }
      ]
    },
    {
      "id": "q10-advanced-req-eng-quiz",
      "text": "Select all that apply: Which activities are critical for the continuous validation of requirements throughout the system life cycle? (Select 2)",
      "type": "multiple-choice",
      "difficulty": "hard",
      "topic": "Requirements Validation",
      "chapter": "Requirements Engineering",
      "important": true,
      "answers": [
        {
          "id": "a1-q10-advanced-req-eng-quiz",
          "text": "Regular stakeholder reviews",
          "isCorrect": true,
          "explanation": "Ongoing reviews with stakeholders ensure that requirements remain aligned with evolving needs."
        },
        {
          "id": "a2-q10-advanced-req-eng-quiz",
          "text": "Iterative testing and simulation",
          "isCorrect": true,
          "explanation": "Testing and simulation provide feedback on whether the requirements are met in practice."
        },
        {
          "id": "a3-q10-advanced-req-eng-quiz",
          "text": "Finalizing requirements at the project start",
          "isCorrect": false,
          "explanation": "Requirements must be revisited and refined continuously rather than fixed at the start."
        },
        {
          "id": "a4-q10-advanced-req-eng-quiz",
          "text": "Documenting requirements in static reports only",
          "isCorrect": false,
          "explanation": "Static reports do not support continuous validation; dynamic review mechanisms are necessary."
        }
      ]
    }
  ]
}
