{
  "id": "se-analyses-quiz-1",
  "name": "Life Cycle Analyses and Methods Quiz 1",
  "subjectId": "se-analyses",
  "questions": [
    {
      "id": "q1-se-analyses-quiz-1",
      "text": "What is the primary goal of Life Cycle Analyses in Systems Engineering?",
      "type": "simple-choice",
      "difficulty": "medium",
      "topic": "Life Cycle Analyses and Methods",
      "chapter": "3.1 Life Cycle Analyses and Methods",
      "important": false,
      "answers": [
        {
          "id": "a1-q1-se-analyses-quiz-1",
          "text": "To evaluate system quality, performance, risk, and cost across its entire life cycle",
          "isCorrect": true,
          "explanation": "Life Cycle Analyses assess various quality characteristics and ensure that the system meets overall performance and cost-effectiveness targets."
        },
        {
          "id": "a2-q1-se-analyses-quiz-1",
          "text": "To develop only the technical specifications of the system",
          "isCorrect": false,
          "explanation": "Technical specifications are important, but Life Cycle Analyses take a broader view including risk, cost, and performance."
        },
        {
          "id": "a3-q1-se-analyses-quiz-1",
          "text": "To manage marketing strategies throughout the system's lifespan",
          "isCorrect": false,
          "explanation": "Marketing is not the focus of Life Cycle Analyses in Systems Engineering."
        },
        {
          "id": "a4-q1-se-analyses-quiz-1",
          "text": "To define the system architecture exclusively",
          "isCorrect": false,
          "explanation": "Defining the system architecture is only part of technical processes; Life Cycle Analyses cover a broader spectrum."
        }
      ],
      "tags": [
        "systems-engineering overall",
        "analyses",
        "methods"
      ],
      "source": "INCOSE Handbook 4.0, Section 3.1",
      "source-question": "ChatGPT",
      "user-tags": [],
      "comments": [],
      "notations": []
    },
    {
      "id": "q2-se-analyses-quiz-1",
      "text": "Select 3 out of the following 4 quality characteristic approaches that are commonly evaluated in Life Cycle Analyses (Select 3):",
      "type": "multiple-choice",
      "difficulty": "medium",
      "topic": "Quality Characteristics and Approaches",
      "chapter": "3.1 Quality Characteristics and Approaches",
      "important": false,
      "answers": [
        {
          "id": "a1-q2-se-analyses-quiz-1",
          "text": "Affordability Analysis",
          "isCorrect": true,
          "explanation": "Affordability Analysis assesses the cost effectiveness over the system's life cycle."
        },
        {
          "id": "a2-q2-se-analyses-quiz-1",
          "text": "Reliability, Availability, Maintainability Engineering",
          "isCorrect": true,
          "explanation": "This approach focuses on ensuring the system operates reliably and is maintainable."
        },
        {
          "id": "a3-q2-se-analyses-quiz-1",
          "text": "System Safety Engineering",
          "isCorrect": true,
          "explanation": "System Safety Engineering evaluates potential hazards and ensures safe operation throughout the lifecycle."
        },
        {
          "id": "a4-q2-se-analyses-quiz-1",
          "text": "Cost Reduction Engineering",
          "isCorrect": false,
          "explanation": "Cost Reduction Engineering is not a standard quality characteristic approach as defined in the Handbook."
        }
      ],
      "tags": [
        "systems-engineering overall",
        "quality",
        "methods"
      ],
      "source": "INCOSE Handbook 4.0, Section 3.1",
      "source-question": "ChatGPT",
      "user-tags": [],
      "comments": [],
      "notations": []
    },
    {
      "id": "q3-se-analyses-quiz-1",
      "text": "What is the main purpose of modeling, analysis, and simulation in Systems Engineering Analyses?",
      "type": "simple-choice",
      "difficulty": "medium",
      "topic": "Modeling, Analysis, and Simulation",
      "chapter": "3.2 Modeling, Analysis, and Simulation",
      "important": false,
      "answers": [
        {
          "id": "a1-q3-se-analyses-quiz-1",
          "text": "To predict system behavior and support decision making",
          "isCorrect": true,
          "explanation": "Modeling, analysis, and simulation allow engineers to forecast system performance and make informed design decisions."
        },
        {
          "id": "a2-q3-se-analyses-quiz-1",
          "text": "To exclusively generate detailed design drawings",
          "isCorrect": false,
          "explanation": "While design drawings may result, the main purpose is predictive analysis and decision support."
        },
        {
          "id": "a3-q3-se-analyses-quiz-1",
          "text": "To replace the need for physical testing entirely",
          "isCorrect": false,
          "explanation": "Simulation complements physical testing but does not completely replace it."
        },
        {
          "id": "a4-q3-se-analyses-quiz-1",
          "text": "To manage project finances",
          "isCorrect": false,
          "explanation": "Project finance management is not the focus of modeling, analysis, and simulation."
        }
      ],
      "tags": [
        "systems-engineering overall",
        "simulation",
        "methods"
      ],
      "source": "INCOSE Handbook 4.0, Section 3.2",
      "source-question": "ChatGPT",
      "user-tags": [],
      "comments": [],
      "notations": []
    },
    {
      "id": "q4-se-analyses-quiz-1",
      "text": "Select 2 out of the following 3 key benefits of prototyping in Systems Engineering Analyses (Select 2):",
      "type": "multiple-choice",
      "difficulty": "medium",
      "topic": "Prototyping",
      "chapter": "3.2 Prototyping",
      "important": false,
      "answers": [
        {
          "id": "a1-q4-se-analyses-quiz-1",
          "text": "Validating design concepts early in the development process",
          "isCorrect": true,
          "explanation": "Early prototyping allows for testing and validating design ideas before full-scale implementation."
        },
        {
          "id": "a2-q4-se-analyses-quiz-1",
          "text": "Reducing uncertainty by evaluating multiple design alternatives",
          "isCorrect": true,
          "explanation": "Prototyping helps in comparing alternatives and reducing risks associated with design decisions."
        },
        {
          "id": "a3-q4-se-analyses-quiz-1",
          "text": "Guaranteeing the final product's market success",
          "isCorrect": false,
          "explanation": "Although prototyping improves design quality, it does not guarantee market success."
        }
      ],
      "tags": [
        "systems-engineering overall",
        "prototyping",
        "methods"
      ],
      "source": "INCOSE Handbook 4.0, Section 3.2",
      "source-question": "ChatGPT",
      "user-tags": [],
      "comments": [],
      "notations": []
    },
    {
      "id": "q5-se-analyses-quiz-1",
      "text": "What role does traceability play in Systems Engineering Analyses and Methods?",
      "type": "simple-choice",
      "difficulty": "medium",
      "topic": "Traceability",
      "chapter": "3.2 Traceability",
      "important": false,
      "answers": [
        {
          "id": "a1-q5-se-analyses-quiz-1",
          "text": "It ensures that all requirements are linked to design elements and test cases",
          "isCorrect": true,
          "explanation": "Traceability is crucial for verifying that each requirement is properly addressed through design and validation."
        },
        {
          "id": "a2-q5-se-analyses-quiz-1",
          "text": "It focuses solely on documenting financial transactions",
          "isCorrect": false,
          "explanation": "Traceability in Systems Engineering links requirements, design, and testing—not financial data."
        },
        {
          "id": "a3-q5-se-analyses-quiz-1",
          "text": "It is used only for regulatory compliance purposes",
          "isCorrect": false,
          "explanation": "While traceability supports compliance, its main role is ensuring proper linkage between requirements and deliverables."
        },
        {
          "id": "a4-q5-se-analyses-quiz-1",
          "text": "It replaces the need for risk management processes",
          "isCorrect": false,
          "explanation": "Traceability and risk management are distinct but complementary activities."
        }
      ],
      "tags": [
        "systems-engineering overall",
        "traceability",
        "methods"
      ],
      "source": "INCOSE Handbook 4.0, Section 3.2",
      "source-question": "ChatGPT",
      "user-tags": [],
      "comments": [],
      "notations": []
    },
    {
      "id": "q6-se-analyses-quiz-1",
      "text": "Select 3 out of the following 4 components that are essential in an architecture framework analysis (Select 3):",
      "type": "multiple-choice",
      "difficulty": "medium",
      "topic": "Architecture Frameworks",
      "chapter": "3.2 Architecture Frameworks",
      "important": false,
      "answers": [
        {
          "id": "a1-q6-se-analyses-quiz-1",
          "text": "Concept of Operations",
          "isCorrect": true,
          "explanation": "The Concept of Operations describes how the system is expected to function within its environment."
        },
        {
          "id": "a2-q6-se-analyses-quiz-1",
          "text": "System Requirements",
          "isCorrect": true,
          "explanation": "Requirements define what the system must achieve."
        },
        {
          "id": "a3-q6-se-analyses-quiz-1",
          "text": "Design Architecture",
          "isCorrect": true,
          "explanation": "The design architecture details how the system will meet its requirements."
        },
        {
          "id": "a4-q6-se-analyses-quiz-1",
          "text": "Project Budget",
          "isCorrect": false,
          "explanation": "The project budget is not typically an element in an architecture framework analysis."
        }
      ],
      "tags": [
        "systems-engineering overall",
        "architecture",
        "methods"
      ],
      "source": "INCOSE Handbook 4.0, Section 3.2",
      "source-question": "ChatGPT",
      "user-tags": [],
      "comments": [],
      "notations": []
    },
    {
      "id": "q7-se-analyses-quiz-1",
      "text": "Which method is typically used to integrate multidisciplinary data and support complex system analysis?",
      "type": "simple-choice",
      "difficulty": "medium",
      "topic": "Model-based Systems Engineering (MBSE)",
      "chapter": "3.2 MBSE",
      "important": false,
      "answers": [
        {
          "id": "a1-q7-se-analyses-quiz-1",
          "text": "Model-based Systems Engineering (MBSE)",
          "isCorrect": true,
          "explanation": "MBSE integrates multidisciplinary data using models to support system analysis and decision-making."
        },
        {
          "id": "a2-q7-se-analyses-quiz-1",
          "text": "Traditional document-based engineering",
          "isCorrect": false,
          "explanation": "Traditional methods do not provide the integrated modeling capabilities that MBSE offers."
        },
        {
          "id": "a3-q7-se-analyses-quiz-1",
          "text": "Isolated prototyping without simulation",
          "isCorrect": false,
          "explanation": "Isolated prototyping does not enable the multidisciplinary integration provided by MBSE."
        },
        {
          "id": "a4-q7-se-analyses-quiz-1",
          "text": "Outsourcing analysis to external vendors",
          "isCorrect": false,
          "explanation": "External outsourcing does not inherently integrate data within the SE process."
        }
      ],
      "tags": [
        "systems-engineering overall",
        "MBSE",
        "methods"
      ],
      "source": "INCOSE Handbook 4.0, Section 3.2",
      "source-question": "ChatGPT",
      "user-tags": [],
      "comments": [],
      "notations": []
    },
    {
      "id": "q8-se-analyses-quiz-1",
      "text": "Select 2 out of the following 3 principles that best describe Design Thinking in Systems Engineering (Select 2):",
      "type": "multiple-choice",
      "difficulty": "medium",
      "topic": "Design Thinking",
      "chapter": "3.2 Design Thinking",
      "important": false,
      "answers": [
        {
          "id": "a1-q8-se-analyses-quiz-1",
          "text": "User-centered design",
          "isCorrect": true,
          "explanation": "Design Thinking places the user at the center of the design process."
        },
        {
          "id": "a2-q8-se-analyses-quiz-1",
          "text": "Rapid iteration and prototyping",
          "isCorrect": true,
          "explanation": "Iterative cycles allow continuous refinement of the design."
        },
        {
          "id": "a3-q8-se-analyses-quiz-1",
          "text": "Strict adherence to traditional, linear design methods",
          "isCorrect": false,
          "explanation": "Design Thinking favors flexibility and iteration over rigid, linear methods."
        }
      ],
      "tags": [
        "systems-engineering overall",
        "design thinking",
        "methods"
      ],
      "source": "INCOSE Handbook 4.0, Section 3.2",
      "source-question": "ChatGPT",
      "user-tags": [],
      "comments": [],
      "notations": []
    },
    {
      "id": "q9-se-analyses-quiz-1",
      "text": "What is the main objective of employing biomimicry in Systems Engineering Analyses?",
      "type": "simple-choice",
      "difficulty": "medium",
      "topic": "Design Thinking",
      "chapter": "3.2 Biomimicry",
      "important": false,
      "answers": [
        {
          "id": "a1-q9-se-analyses-quiz-1",
          "text": "To inspire innovative design solutions by emulating nature's models, systems, and processes",
          "isCorrect": true,
          "explanation": "Biomimicry uses nature's principles to inspire effective and innovative design solutions."
        },
        {
          "id": "a2-q9-se-analyses-quiz-1",
          "text": "To directly copy natural organisms into system components",
          "isCorrect": false,
          "explanation": "It is about drawing inspiration rather than direct replication."
        },
        {
          "id": "a3-q9-se-analyses-quiz-1",
          "text": "To avoid using any technological advancements",
          "isCorrect": false,
          "explanation": "Biomimicry integrates natural inspiration with modern technology."
        },
        {
          "id": "a4-q9-se-analyses-quiz-1",
          "text": "To ensure that system designs are completely organic",
          "isCorrect": false,
          "explanation": "Systems remain engineered solutions even when inspired by nature."
        }
      ],
      "tags": [
        "systems-engineering overall",
        "biomimicry",
        "design thinking",
        "methods"
      ],
      "source": "INCOSE Handbook 4.0, Section 3.2",
      "source-question": "ChatGPT",
      "user-tags": [],
      "comments": [],
      "notations": []
    },
    {
      "id": "q10-se-analyses-quiz-1",
      "text": "Select 3 out of the following 4 benefits of incorporating iterative reviews during the system life cycle (Select 3):",
      "type": "multiple-choice",
      "difficulty": "medium",
      "topic": "Iterative Reviews",
      "chapter": "3.1 Iterative Reviews",
      "important": false,
      "answers": [
        {
          "id": "a1-q10-se-analyses-quiz-1",
          "text": "They provide quantitative data for cost and performance trade-offs",
          "isCorrect": true,
          "explanation": "Iterative reviews yield quantitative insights that support cost and performance decisions."
        },
        {
          "id": "a2-q10-se-analyses-quiz-1",
          "text": "They help identify potential risks early in the development process",
          "isCorrect": true,
          "explanation": "Regular reviews facilitate early detection and mitigation of risks."
        },
        {
          "id": "a3-q10-se-analyses-quiz-1",
          "text": "They eliminate the need for stakeholder input",
          "isCorrect": false,
          "explanation": "Stakeholder input remains essential; iterative reviews complement their involvement."
        },
        {
          "id": "a4-q10-se-analyses-quiz-1",
          "text": "They support the evaluation of different system alternatives",
          "isCorrect": true,
          "explanation": "Iterative reviews allow comparison of alternative solutions to optimize the final design."
        }
      ],
      "tags": [
        "systems-engineering overall",
        "iterative reviews",
        "methods"
      ],
      "source": "INCOSE Handbook 4.0, Sections 3.1 & 3.2",
      "source-question": "ChatGPT",
      "user-tags": [],
      "comments": [],
      "notations": []
    }
  ]
}
