{
  "id": "se-tailoring-quiz-2",
  "name": "Tailoring and Application Considerations Quiz 2",
  "subjectId": "se-tailoring",
  "questions": [
    {
      "id": "q1-se-tailoring-quiz-2",
      "text": "How can tailoring improve the integration of SE processes in a legacy system environment?",
      "type": "simple-choice",
      "difficulty": "medium",
      "topic": "Application of SE for Specific Domains",
      "chapter": "4.4 Application of SE for Specific Product Sector or Domain Application",
      "important": false,
      "answers": [
        {
          "id": "a1-q1-se-tailoring-quiz-2",
          "text": "By customizing SE processes to account for existing system constraints and interfaces",
          "isCorrect": true,
          "explanation": "Tailoring in legacy environments adapts the SE processes to work in harmony with established systems."
        },
        {
          "id": "a2-q1-se-tailoring-quiz-2",
          "text": "By enforcing a completely new SE process without considering legacy practices",
          "isCorrect": false,
          "explanation": "It is essential to consider existing practices when tailoring for legacy systems."
        },
        {
          "id": "a3-q1-se-tailoring-quiz-2",
          "text": "By eliminating all legacy interfaces to simplify the system",
          "isCorrect": false,
          "explanation": "Total elimination of legacy interfaces is generally not feasible."
        },
        {
          "id": "a4-q1-se-tailoring-quiz-2",
          "text": "By standardizing the SE process across projects regardless of history",
          "isCorrect": false,
          "explanation": "Standardization without considering historical context does not ensure effective integration."
        }
      ],
      "tags": [
        "systems-engineering overall",
        "application considerations",
        "tailoring"
      ],
      "source": "INCOSE Handbook 4.0, Section 4.4",
      "source-question": "ChatGPT",
      "user-tags": [],
      "comments": [],
      "notations": []
    },
    {
      "id": "q2-se-tailoring-quiz-2",
      "text": "Which SE methodology is often emphasized when tailoring processes for rapid development projects?",
      "type": "simple-choice",
      "difficulty": "medium",
      "topic": "SE Methodology/Approach Considerations",
      "chapter": "4.2 SE Methodology/Approach Considerations",
      "important": false,
      "answers": [
        {
          "id": "a1-q2-se-tailoring-quiz-2",
          "text": "Agile Systems Engineering",
          "isCorrect": true,
          "explanation": "Agile approaches favor iterative development and adaptability, which are essential for rapid projects."
        },
        {
          "id": "a2-q2-se-tailoring-quiz-2",
          "text": "Traditional waterfall methods",
          "isCorrect": false,
          "explanation": "Waterfall methods are too rigid for projects requiring rapid and flexible development."
        },
        {
          "id": "a3-q2-se-tailoring-quiz-2",
          "text": "Rigid, one-size-fits-all processes",
          "isCorrect": false,
          "explanation": "Tailoring requires flexibility, not rigid standardization."
        },
        {
          "id": "a4-q2-se-tailoring-quiz-2",
          "text": "Exclusive reliance on prototyping without iterative reviews",
          "isCorrect": false,
          "explanation": "While prototyping is valuable, iterative reviews remain essential for continuous improvement."
        }
      ],
      "tags": [
        "systems-engineering overall",
        "methodology",
        "tailoring"
      ],
      "source": "INCOSE Handbook 4.0, Section 4.2",
      "source-question": "ChatGPT",
      "user-tags": [],
      "comments": [],
      "notations": []
    },
    {
      "id": "q3-se-tailoring-quiz-2",
      "text": "What is a key challenge in tailoring SE processes for complex systems of systems (SoS)?",
      "type": "simple-choice",
      "difficulty": "medium",
      "topic": "System Types Considerations",
      "chapter": "4.3 System Types Considerations",
      "important": false,
      "answers": [
        {
          "id": "a1-q3-se-tailoring-quiz-2",
          "text": "Managing interdependencies between multiple autonomous systems",
          "isCorrect": true,
          "explanation": "Systems of systems have complex interdependencies that require finely tuned SE process adaptations."
        },
        {
          "id": "a2-q3-se-tailoring-quiz-2",
          "text": "Simplifying processes by ignoring system interactions",
          "isCorrect": false,
          "explanation": "Ignoring interactions would compromise the overall system understanding."
        },
        {
          "id": "a3-q3-se-tailoring-quiz-2",
          "text": "Standardizing processes across unrelated systems",
          "isCorrect": false,
          "explanation": "Uniform standardization does not address the unique requirements of each system."
        },
        {
          "id": "a4-q3-se-tailoring-quiz-2",
          "text": "Focusing only on hardware components",
          "isCorrect": false,
          "explanation": "SoS encompass software and operational aspects, not just hardware."
        }
      ],
      "tags": [
        "systems-engineering overall",
        "system types",
        "tailoring"
      ],
      "source": "INCOSE Handbook 4.0, Section 4.3",
      "source-question": "ChatGPT",
      "user-tags": [],
      "comments": [],
      "notations": []
    },
    {
      "id": "q4-se-tailoring-quiz-2",
      "text": "Select all benefits of effective tailoring in SE processes for specific domains. (Select all that apply)",
      "type": "multiple-choice",
      "difficulty": "medium",
      "topic": "Application of SE for Specific Domains",
      "chapter": "4.4 Application of SE for Specific Product Sector or Domain Application",
      "important": false,
      "answers": [
        {
          "id": "a1-q4-se-tailoring-quiz-2",
          "text": "Improved alignment with domain-specific requirements",
          "isCorrect": true,
          "explanation": "Tailoring adapts SE processes to meet the unique requirements of each domain."
        },
        {
          "id": "a2-q4-se-tailoring-quiz-2",
          "text": "Enhanced flexibility in adapting to industry practices",
          "isCorrect": true,
          "explanation": "Adapting to industry-specific practices ensures better integration of SE processes."
        },
        {
          "id": "a3-q4-se-tailoring-quiz-2",
          "text": "Reduced communication overhead",
          "isCorrect": false,
          "explanation": "Reduction in communication is not typically a direct benefit of tailoring."
        },
        {
          "id": "a4-q4-se-tailoring-quiz-2",
          "text": "Increased efficiency by eliminating redundant processes",
          "isCorrect": true,
          "explanation": "Eliminating redundant steps optimizes resource use and process efficiency."
        }
      ],
      "tags": [
        "systems-engineering overall",
        "application considerations",
        "tailoring"
      ],
      "source": "INCOSE Handbook 4.0, Section 4.4",
      "source-question": "ChatGPT",
      "user-tags": [],
      "comments": [],
      "notations": []
    },
    {
      "id": "q5-se-tailoring-quiz-2",
      "text": "How do tailoring decisions affect risk management in SE projects?",
      "type": "simple-choice",
      "difficulty": "medium",
      "topic": "Tailoring Considerations",
      "chapter": "4.1 Tailoring Considerations",
      "important": false,
      "answers": [
        {
          "id": "a1-q5-se-tailoring-quiz-2",
          "text": "They allow customization of risk mitigation strategies to suit project-specific challenges",
          "isCorrect": true,
          "explanation": "Adapting processes through tailoring enables risk strategies tailored to project needs."
        },
        {
          "id": "a2-q5-se-tailoring-quiz-2",
          "text": "They eliminate the need for formal risk management processes",
          "isCorrect": false,
          "explanation": "Tailoring complements risk management without eliminating its necessity."
        },
        {
          "id": "a3-q5-se-tailoring-quiz-2",
          "text": "They increase risk by complicating processes",
          "isCorrect": false,
          "explanation": "Effective tailoring simplifies processes and can reduce risks."
        },
        {
          "id": "a4-q5-se-tailoring-quiz-2",
          "text": "They standardize risk management across all projects",
          "isCorrect": false,
          "explanation": "Standardization is not the aim; tailoring adapts risk management to each project's context."
        }
      ],
      "tags": [
        "systems-engineering overall",
        "tailoring",
        "risk management"
      ],
      "source": "INCOSE Handbook 4.0, Section 4.1",
      "source-question": "ChatGPT",
      "user-tags": [],
      "comments": [],
      "notations": []
    },
    {
      "id": "q6-se-tailoring-quiz-2",
      "text": "Which factor is most critical when tailoring SE processes for innovative, emerging technologies?",
      "type": "simple-choice",
      "difficulty": "medium",
      "topic": "Tailoring Considerations",
      "chapter": "4.1 Tailoring Considerations",
      "important": false,
      "answers": [
        {
          "id": "a1-q6-se-tailoring-quiz-2",
          "text": "Flexibility to accommodate rapid technological change",
          "isCorrect": true,
          "explanation": "Flexibility is essential to adapt SE processes in rapidly evolving technological environments."
        },
        {
          "id": "a2-q6-se-tailoring-quiz-2",
          "text": "Strict adherence to traditional methods",
          "isCorrect": false,
          "explanation": "Traditional methods are too rigid for emerging technologies."
        },
        {
          "id": "a3-q6-se-tailoring-quiz-2",
          "text": "Focusing solely on cost minimization",
          "isCorrect": false,
          "explanation": "Cost minimization should not compromise innovation and adaptability."
        },
        {
          "id": "a4-q6-se-tailoring-quiz-2",
          "text": "Ignoring stakeholder feedback",
          "isCorrect": false,
          "explanation": "Stakeholder input remains crucial even when tailoring for emerging technologies."
        }
      ],
      "tags": [
        "systems-engineering overall",
        "tailoring",
        "innovation"
      ],
      "source": "INCOSE Handbook 4.0, Section 4.1",
      "source-question": "ChatGPT",
      "user-tags": [],
      "comments": [],
      "notations": []
    },
    {
      "id": "q7-se-tailoring-quiz-2",
      "text": "Select all aspects that should be considered when tailoring SE processes for defense systems.",
      "type": "multiple-choice",
      "difficulty": "medium",
      "topic": "Application of SE for Specific Domains",
      "chapter": "4.4 Application of SE for Specific Product Sector or Domain Application",
      "important": false,
      "answers": [
        {
          "id": "a1-q7-se-tailoring-quiz-2",
          "text": "Regulatory and security requirements",
          "isCorrect": true,
          "explanation": "Regulatory and security requirements are paramount in defense systems."
        },
        {
          "id": "a2-q7-se-tailoring-quiz-2",
          "text": "Operational environment constraints",
          "isCorrect": true,
          "explanation": "Operational constraints strongly influence how SE processes must be tailored in defense."
        },
        {
          "id": "a3-q7-se-tailoring-quiz-2",
          "text": "Color schemes of the system",
          "isCorrect": false,
          "explanation": "Aesthetics are not a priority in defense systems tailoring."
        },
        {
          "id": "a4-q7-se-tailoring-quiz-2",
          "text": "Integration with legacy defense technologies",
          "isCorrect": true,
          "explanation": "Integrating with existing defense technologies is a key tailoring consideration."
        }
      ],
      "tags": [
        "systems-engineering overall",
        "defense systems",
        "tailoring"
      ],
      "source": "INCOSE Handbook 4.0, Section 4.4",
      "source-question": "ChatGPT",
      "user-tags": [],
      "comments": [],
      "notations": []
    },
    {
      "id": "q8-se-tailoring-quiz-2",
      "text": "How does tailoring contribute to the overall success of SE projects?",
      "type": "simple-choice",
      "difficulty": "medium",
      "topic": "Tailoring Considerations",
      "chapter": "4.1 Tailoring Considerations",
      "important": false,
      "answers": [
        {
          "id": "a1-q8-se-tailoring-quiz-2",
          "text": "By ensuring that processes are aligned with project goals and context",
          "isCorrect": true,
          "explanation": "Tailoring adapts processes to meet specific project needs, contributing to overall success."
        },
        {
          "id": "a2-q8-se-tailoring-quiz-2",
          "text": "By eliminating the need for continuous process improvement",
          "isCorrect": false,
          "explanation": "Tailoring supports continuous improvement rather than eliminating it."
        },
        {
          "id": "a3-q8-se-tailoring-quiz-2",
          "text": "By enforcing a rigid, standard process model",
          "isCorrect": false,
          "explanation": "A rigid model does not allow for the necessary flexibility provided by tailoring."
        },
        {
          "id": "a4-q8-se-tailoring-quiz-2",
          "text": "By focusing exclusively on technical aspects",
          "isCorrect": false,
          "explanation": "Effective tailoring addresses both technical and organizational dimensions."
        }
      ],
      "tags": [
        "systems-engineering overall",
        "tailoring",
        "project success"
      ],
      "source": "INCOSE Handbook 4.0, Section 4.1",
      "source-question": "ChatGPT",
      "user-tags": [],
      "comments": [],
      "notations": []
    },
    {
      "id": "q9-se-tailoring-quiz-2",
      "text": "Which tailoring approach is best suited for projects with high uncertainty and evolving requirements?",
      "type": "simple-choice",
      "difficulty": "medium",
      "topic": "SE Methodology/Approach Considerations",
      "chapter": "4.2 SE Methodology/Approach Considerations",
      "important": false,
      "answers": [
        {
          "id": "a1-q9-se-tailoring-quiz-2",
          "text": "Agile and iterative methods",
          "isCorrect": true,
          "explanation": "Agile and iterative approaches allow rapid adaptation to changing requirements and uncertainties."
        },
        {
          "id": "a2-q9-se-tailoring-quiz-2",
          "text": "Rigid waterfall processes",
          "isCorrect": false,
          "explanation": "Waterfall processes lack the flexibility needed for projects with high uncertainty."
        },
        {
          "id": "a3-q9-se-tailoring-quiz-2",
          "text": "Completely ad-hoc methods",
          "isCorrect": false,
          "explanation": "While ad hoc methods may seem flexible, they typically lack the necessary structure."
        },
        {
          "id": "a4-q9-se-tailoring-quiz-2",
          "text": "Exclusive reliance on prototyping",
          "isCorrect": false,
          "explanation": "Prototyping is useful but must be combined with iterative, agile methods."
        }
      ],
      "tags": [
        "systems-engineering overall",
        "methodology",
        "tailoring"
      ],
      "source": "INCOSE Handbook 4.0, Section 4.2",
      "source-question": "ChatGPT",
      "user-tags": [],
      "comments": [],
      "notations": []
    },
    {
      "id": "q10-se-tailoring-quiz-2",
      "text": "Select all the key benefits of tailoring SE processes in terms of resource utilization. (Select all that apply)",
      "type": "multiple-choice",
      "difficulty": "medium",
      "topic": "Tailoring Considerations",
      "chapter": "4.1 Tailoring Considerations",
      "important": false,
      "answers": [
        {
          "id": "a1-q10-se-tailoring-quiz-2",
          "text": "Optimizes resource allocation by removing redundant steps",
          "isCorrect": true,
          "explanation": "Tailoring eliminates superfluous procedures, optimizing resource use."
        },
        {
          "id": "a2-q10-se-tailoring-quiz-2",
          "text": "Improves cost-effectiveness by aligning processes with available resources",
          "isCorrect": true,
          "explanation": "Adapting processes to resource availability maximizes cost-effectiveness."
        },
        {
          "id": "a3-q10-se-tailoring-quiz-2",
          "text": "Ensures that resources are over-allocated to reduce risks",
          "isCorrect": false,
          "explanation": "Over-allocation is not an effective strategy and can lead to inefficiencies."
        },
        {
          "id": "a4-q10-se-tailoring-quiz-2",
          "text": "Enhances process efficiency leading to better use of resources",
          "isCorrect": true,
          "explanation": "Increased process efficiency directly translates to improved resource utilization."
        }
      ],
      "tags": [
        "systems-engineering overall",
        "tailoring",
        "resources"
      ],
      "source": "INCOSE Handbook 4.0, Section 4.1",
      "source-question": "ChatGPT",
      "user-tags": [],
      "comments": [],
      "notations": []
    }
  ]
}
