{
    "id": "advanced-risk-management-quiz",
    "name": "Advanced Risk Management Quiz",
    "subjectId": "se-handbook",
    "questions": [
      {
        "id": "q1-advanced-risk-quiz",
        "text": "What is the primary goal of risk management in Systems Engineering?",
        "type": "simple-choice",
        "difficulty": "medium",
        "topic": "Risk Management",
        "chapter": "Risk Management Processes",
        "important": true,
        "answers": [
          {
            "id": "a1-q1-advanced-risk-quiz",
            "text": "To identify, assess, and mitigate uncertainties that may impact project success",
            "isCorrect": true,
            "explanation": "Risk management aims to reduce uncertainties and help ensure that the project meets its objectives."
          },
          {
            "id": "a2-q1-advanced-risk-quiz",
            "text": "To eliminate all risks before project commencement",
            "isCorrect": false,
            "explanation": "It is impossible to eliminate all risks; the goal is to manage and mitigate them."
          },
          {
            "id": "a3-q1-advanced-risk-quiz",
            "text": "To focus solely on cost reduction",
            "isCorrect": false,
            "explanation": "While cost is a factor, risk management is broader and includes schedule, performance, and quality aspects."
          },
          {
            "id": "a4-q1-advanced-risk-quiz",
            "text": "To standardize the project’s technical design",
            "isCorrect": false,
            "explanation": "Standardizing design is not the primary purpose of risk management."
          }
        ]
      },
      {
        "id": "q2-advanced-risk-quiz",
        "text": "Select all that apply: Which techniques are commonly used to identify risks? (Select 3)",
        "type": "multiple-choice",
        "difficulty": "medium",
        "topic": "Risk Identification",
        "chapter": "Risk Management Processes",
        "important": true,
        "answers": [
          {
            "id": "a1-q2-advanced-risk-quiz",
            "text": "Brainstorming sessions",
            "isCorrect": true,
            "explanation": "Brainstorming is a common technique to generate a list of potential risks."
          },
          {
            "id": "a2-q2-advanced-risk-quiz",
            "text": "Expert interviews",
            "isCorrect": true,
            "explanation": "Interviews with experienced personnel help uncover hidden risks."
          },
          {
            "id": "a3-q2-advanced-risk-quiz",
            "text": "Historical data analysis",
            "isCorrect": true,
            "explanation": "Reviewing lessons learned and past projects provides valuable insights into potential risks."
          },
          {
            "id": "a4-q2-advanced-risk-quiz",
            "text": "Ignoring stakeholder input",
            "isCorrect": false,
            "explanation": "Stakeholder input is critical, not something to be ignored."
          }
        ]
      },
      {
        "id": "q3-advanced-risk-quiz",
        "text": "What is the role of risk assessment in SE processes?",
        "type": "simple-choice",
        "difficulty": "hard",
        "topic": "Risk Assessment",
        "chapter": "Risk Management Processes",
        "important": true,
        "answers": [
          {
            "id": "a1-q3-advanced-risk-quiz",
            "text": "To quantify the likelihood and impact of identified risks",
            "isCorrect": true,
            "explanation": "Risk assessment evaluates the probability and consequences of risks to prioritize mitigation actions."
          },
          {
            "id": "a2-q3-advanced-risk-quiz",
            "text": "To document risks without further analysis",
            "isCorrect": false,
            "explanation": "Documentation is important, but assessment involves quantitative or qualitative analysis."
          },
          {
            "id": "a3-q3-advanced-risk-quiz",
            "text": "To eliminate risks by ignoring low-probability events",
            "isCorrect": false,
            "explanation": "Even low-probability risks can have significant impacts and should be assessed."
          },
          {
            "id": "a4-q3-advanced-risk-quiz",
            "text": "To determine the system architecture",
            "isCorrect": false,
            "explanation": "While risk assessment informs design decisions, its primary role is evaluating risk levels."
          }
        ]
      },
      {
        "id": "q4-advanced-risk-quiz",
        "text": "Select all that apply: Which factors should be considered during risk analysis? (Select 2)",
        "type": "multiple-choice",
        "difficulty": "hard",
        "topic": "Risk Analysis",
        "chapter": "Risk Management Processes",
        "important": true,
        "answers": [
          {
            "id": "a1-q4-advanced-risk-quiz",
            "text": "Probability of occurrence",
            "isCorrect": true,
            "explanation": "Assessing how likely a risk is to occur is fundamental to risk analysis."
          },
          {
            "id": "a2-q4-advanced-risk-quiz",
            "text": "Impact on system performance and cost",
            "isCorrect": true,
            "explanation": "The potential impact on performance, cost, and schedule is key to prioritizing risks."
          },
          {
            "id": "a3-q4-advanced-risk-quiz",
            "text": "Color coding of system diagrams",
            "isCorrect": false,
            "explanation": "Color coding is not relevant to risk analysis."
          },
          {
            "id": "a4-q4-advanced-risk-quiz",
            "text": "The geographical location of team members",
            "isCorrect": false,
            "explanation": "While team location might affect communication, it is not a primary risk factor in analysis."
          }
        ]
      },
      {
        "id": "q5-advanced-risk-quiz",
        "text": "How does iterative risk management contribute to project success?",
        "type": "simple-choice",
        "difficulty": "hard",
        "topic": "Risk Management",
        "chapter": "Risk Management Processes",
        "important": true,
        "answers": [
          {
            "id": "a1-q5-advanced-risk-quiz",
            "text": "By continuously updating risk assessments and mitigation plans as the project evolves",
            "isCorrect": true,
            "explanation": "An iterative approach ensures that risk management adapts to new information and changing project conditions."
          },
          {
            "id": "a2-q5-advanced-risk-quiz",
            "text": "By setting risk assessments once at the beginning of the project",
            "isCorrect": false,
            "explanation": "Risks change over time; a one-time assessment is insufficient."
          },
          {
            "id": "a3-q5-advanced-risk-quiz",
            "text": "By ignoring minor risks to focus on major risks only",
            "isCorrect": false,
            "explanation": "All risks need to be monitored and managed appropriately."
          },
          {
            "id": "a4-q5-advanced-risk-quiz",
            "text": "By eliminating risks through upfront planning",
            "isCorrect": false,
            "explanation": "While planning helps, risks can never be entirely eliminated."
          }
        ]
      },
      {
        "id": "q6-advanced-risk-quiz",
        "text": "Which of the following best describes a risk mitigation strategy?",
        "type": "simple-choice",
        "difficulty": "hard",
        "topic": "Risk Mitigation",
        "chapter": "Risk Management Processes",
        "important": true,
        "answers": [
          {
            "id": "a1-q6-advanced-risk-quiz",
            "text": "A planned action to reduce the likelihood or impact of a risk",
            "isCorrect": true,
            "explanation": "Risk mitigation involves proactive steps to lessen risk exposure."
          },
          {
            "id": "a2-q6-advanced-risk-quiz",
            "text": "A process to document risks without implementing any changes",
            "isCorrect": false,
            "explanation": "Documentation alone is not sufficient; mitigation requires action."
          },
          {
            "id": "a3-q6-advanced-risk-quiz",
            "text": "An approach to eliminate all risks before project commencement",
            "isCorrect": false,
            "explanation": "It is unrealistic to eliminate all risks; mitigation reduces, rather than eliminates, risks."
          },
          {
            "id": "a4-q6-advanced-risk-quiz",
            "text": "A method for shifting risk solely to external parties",
            "isCorrect": false,
            "explanation": "Risk transfer can be a strategy but not the sole focus of mitigation."
          }
        ]
      },
      {
        "id": "q7-advanced-risk-quiz",
        "text": "Select all that apply: Which processes are typically involved in ongoing risk monitoring? (Select 2)",
        "type": "multiple-choice",
        "difficulty": "medium",
        "topic": "Risk Monitoring",
        "chapter": "Risk Management Processes",
        "important": true,
        "answers": [
          {
            "id": "a1-q7-advanced-risk-quiz",
            "text": "Periodic risk reassessment and review meetings",
            "isCorrect": true,
            "explanation": "Regular reviews help update risk status and adjust mitigation plans."
          },
          {
            "id": "a2-q7-advanced-risk-quiz",
            "text": "Integration of risk data into project performance metrics",
            "isCorrect": true,
            "explanation": "Tracking risk trends as part of performance monitoring is essential for proactive management."
          },
          {
            "id": "a3-q7-advanced-risk-quiz",
            "text": "Disregarding minor risks to focus on critical issues",
            "isCorrect": false,
            "explanation": "All risks should be monitored to some degree, as their impacts may change over time."
          },
          {
            "id": "a4-q7-advanced-risk-quiz",
            "text": "Using static, one-time risk reports",
            "isCorrect": false,
            "explanation": "Static reports do not support dynamic risk monitoring throughout the project lifecycle."
          }
        ]
      },
      {
        "id": "q8-advanced-risk-quiz",
        "text": "What is the significance of maintaining traceability in risk management?",
        "type": "simple-choice",
        "difficulty": "hard",
        "topic": "Risk Traceability",
        "chapter": "Risk Management Processes",
        "important": true,
        "answers": [
          {
            "id": "a1-q8-advanced-risk-quiz",
            "text": "It links identified risks to corresponding mitigation actions and system requirements",
            "isCorrect": true,
            "explanation": "Traceability ensures that risk responses are tracked and integrated into the overall system development."
          },
          {
            "id": "a2-q8-advanced-risk-quiz",
            "text": "It solely documents risk occurrences without follow-up",
            "isCorrect": false,
            "explanation": "Effective traceability requires linking risks to actions and outcomes."
          },
          {
            "id": "a3-q8-advanced-risk-quiz",
            "text": "It replaces the need for risk assessments",
            "isCorrect": false,
            "explanation": "Risk traceability is complementary to risk assessments, not a substitute."
          },
          {
            "id": "a4-q8-advanced-risk-quiz",
            "text": "It is only important during project initiation",
            "isCorrect": false,
            "explanation": "Traceability is maintained throughout the project lifecycle to support continuous risk management."
          }
        ]
      },
      {
        "id": "q9-advanced-risk-quiz",
        "text": "Which of the following is a significant challenge in risk management for large, complex systems?",
        "type": "simple-choice",
        "difficulty": "hard",
        "topic": "Risk Challenges",
        "chapter": "Risk Management Processes",
        "important": true,
        "answers": [
          {
            "id": "a1-q9-advanced-risk-quiz",
            "text": "Managing a large number of interdependent risks with dynamic impacts",
            "isCorrect": true,
            "explanation": "In large projects, risks often interact, making management more complex."
          },
          {
            "id": "a2-q9-advanced-risk-quiz",
            "text": "Having too few risks to manage",
            "isCorrect": false,
            "explanation": "Large, complex systems typically face numerous risks."
          },
          {
            "id": "a3-q9-advanced-risk-quiz",
            "text": "A static risk environment that remains constant throughout the project",
            "isCorrect": false,
            "explanation": "Risks are dynamic and evolve, particularly in complex systems."
          },
          {
            "id": "a4-q9-advanced-risk-quiz",
            "text": "Over-reliance on qualitative data only",
            "isCorrect": false,
            "explanation": "Both qualitative and quantitative data are necessary; however, over-reliance on one can be a challenge."
          }
        ]
      },
      {
        "id": "q10-advanced-risk-quiz",
        "text": "Select all that apply: What are potential outcomes of effective risk management? (Select 2)",
        "type": "multiple-choice",
        "difficulty": "medium",
        "topic": "Risk Outcomes",
        "chapter": "Risk Management Processes",
        "important": true,
        "answers": [
          {
            "id": "a1-q10-advanced-risk-quiz",
            "text": "Improved project stability and predictable performance",
            "isCorrect": true,
            "explanation": "Effective risk management reduces uncertainty and leads to more predictable project outcomes."
          },
          {
            "id": "a2-q10-advanced-risk-quiz",
            "text": "Enhanced stakeholder confidence and smoother decision-making",
            "isCorrect": true,
            "explanation": "Managing risks effectively builds stakeholder trust and supports informed decision-making."
          },
          {
            "id": "a3-q10-advanced-risk-quiz",
            "text": "Complete elimination of all project risks",
            "isCorrect": false,
            "explanation": "It is unrealistic to eliminate all risks; the goal is to mitigate their impacts."
          },
          {
            "id": "a4-q10-advanced-risk-quiz",
            "text": "Increased project costs due to over-allocation of resources",
            "isCorrect": false,
            "explanation": "Effective risk management typically leads to more efficient resource use, not increased costs."
          }
        ]
      }
    ]
  }
  