{
  "id": "se-lifecycle-quiz-2",
  "name": "System Life Cycle Concepts, Models, and Processes Quiz 2",
  "subjectId": "se-lifecycle",
  "questions": [
    {
      "id": "q1-se-lifecycle-quiz-2",
      "text": "What is the primary benefit of adopting a defined system life cycle model in Systems Engineering?",
      "type": "simple-choice",
      "difficulty": "medium",
      "topic": "System Life Cycle",
      "chapter": "System Life Cycle Concepts, Models, and Processes",
      "important": false,
      "answers": [
        {
          "id": "q1-se-lifecycle-quiz-2-a1",
          "text": "It improves integration and coordination across phases, ensuring consistency and quality throughout the project.",
          "isCorrect": true,
          "explanation": "A well-defined life cycle model provides structure, enabling better planning, risk mitigation, and overall project coherence."
        },
        {
          "id": "q1-se-lifecycle-quiz-2-a2",
          "text": "It focuses exclusively on technical design, reducing the need for managerial oversight.",
          "isCorrect": false,
          "explanation": "While technical design is important, the life cycle model addresses both technical and managerial aspects."
        },
        {
          "id": "q1-se-lifecycle-quiz-2-a3",
          "text": "It minimizes documentation requirements and speeds up development by skipping reviews.",
          "isCorrect": false,
          "explanation": "Skipping reviews and reducing documentation can compromise quality and is not a benefit of a structured life cycle."
        },
        {
          "id": "q1-se-lifecycle-quiz-2-a4",
          "text": "It eliminates the need for stakeholder involvement by predefining all processes.",
          "isCorrect": false,
          "explanation": "Stakeholder involvement remains crucial regardless of the life cycle model adopted."
        }
      ],
      "tags": [
        "systems-engineering overall",
        "system life cycle",
        "concepts"
      ],
      "source": "INCOSE Handbook 4.0, Section 2.1",
      "source-question": "ChatGPT",
      "user-tags": [],
      "comments": [],
      "notations": []
    },
    {
      "id": "q1-se-lifecycle-quiz-2",
      "text": "Which of the following are considered typical stages in a system life cycle? (Select all 6 correct answers from the options below)",
      "type": "multiple-choice",
      "difficulty": "medium",
      "topic": "System Life Cycle",
      "chapter": "System Life Cycle Concepts, Models, and Processes",
      "important": false,
      "answers": [
        {
          "id": "q1-se-lifecycle-quiz-2-a1",
          "text": "Concept",
          "isCorrect": true,
          "explanation": "The Concept stage is the initial phase where needs and opportunities are identified."
        },
        {
          "id": "q1-se-lifecycle-quiz-2-a2",
          "text": "Development",
          "isCorrect": true,
          "explanation": "Development involves detailed design, integration, and testing of the system."
        },
        {
          "id": "q1-se-lifecycle-quiz-2-a3",
          "text": "Production",
          "isCorrect": true,
          "explanation": "Production covers the manufacturing or creation of the system components."
        },
        {
          "id": "q1-se-lifecycle-quiz-2-a4",
          "text": "Utilization",
          "isCorrect": true,
          "explanation": "Utilization is the operational phase where the system is deployed and used."
        },
        {
          "id": "q1-se-lifecycle-quiz-2-a5",
          "text": "Support",
          "isCorrect": true,
          "explanation": "Support involves maintenance and upgrades during the system's operational life."
        },
        {
          "id": "q1-se-lifecycle-quiz-2-a6",
          "text": "Retirement",
          "isCorrect": true,
          "explanation": "Retirement is the phase where the system is decommissioned or replaced."
        },
        {
          "id": "q1-se-lifecycle-quiz-2-a7",
          "text": "Marketing",
          "isCorrect": false,
          "explanation": "Marketing is not considered a typical stage in the system life cycle per ISO/IEC/IEEE 15288."
        }
      ],
      "tags": [
        "systems-engineering overall",
        "system life cycle",
        "concepts"
      ],
      "source": "INCOSE Handbook 4.0, Section 2.1",
      "source-question": "ChatGPT",
      "user-tags": [],
      "comments": [],
      "notations": []
    },
    {
      "id": "q3-se-lifecycle-quiz-2",
      "text": "Which of the following processes are included in the Organizational Project-Enabling Processes? (Select 3)",
      "type": "multiple-choice",
      "difficulty": "medium",
      "topic": "Project Enabling Processes",
      "chapter": "System Life Cycle Concepts, Models, and Processes",
      "important": false,
      "answers": [
        {
          "id": "q3-se-lifecycle-quiz-2-a1",
          "text": "Life Cycle Model Management Process",
          "isCorrect": true,
          "explanation": "This process manages the overall life cycle model and its implementation across projects."
        },
        {
          "id": "q3-se-lifecycle-quiz-2-a2",
          "text": "Infrastructure Management Process",
          "isCorrect": true,
          "explanation": "It provides and maintains the necessary support infrastructure for project execution."
        },
        {
          "id": "q3-se-lifecycle-quiz-2-a3",
          "text": "Quality Assurance Process",
          "isCorrect": false,
          "explanation": "Quality Assurance is generally part of Technical Management Processes."
        },
        {
          "id": "q3-se-lifecycle-quiz-2-a4",
          "text": "Human Resource Management Process",
          "isCorrect": true,
          "explanation": "This process ensures that the right human resources are available and properly managed for the project."
        }
      ],
      "tags": [
        "systems-engineering overall",
        "project enabling",
        "concepts"
      ],
      "source": "INCOSE Handbook 4.0, Section 2.3",
      "source-question": "ChatGPT",
      "user-tags": [],
      "comments": [],
      "notations": []
    },
    {
      "id": "q4-se-lifecycle-quiz-2",
      "text": "What is a key advantage of tailoring Systems Engineering processes to a specific project context?",
      "type": "simple-choice",
      "difficulty": "medium",
      "topic": "Tailoring in Lifecycle",
      "chapter": "System Life Cycle Concepts, Models, and Processes",
      "important": false,
      "answers": [
        {
          "id": "q4-se-lifecycle-quiz-2-a1",
          "text": "It ensures that the processes align with project needs, optimizing resource use and reducing unnecessary overhead.",
          "isCorrect": true,
          "explanation": "Tailoring allows processes to be adapted to the unique characteristics and requirements of a project."
        },
        {
          "id": "q4-se-lifecycle-quiz-2-a2",
          "text": "It standardizes every project to follow the exact same procedures regardless of differences.",
          "isCorrect": false,
          "explanation": "Standardization without tailoring can lead to inefficiencies when project contexts differ."
        },
        {
          "id": "q4-se-lifecycle-quiz-2-a3",
          "text": "It minimizes the need for continuous stakeholder engagement.",
          "isCorrect": false,
          "explanation": "Tailoring does not reduce the importance of stakeholder involvement; rather, it helps focus their input."
        },
        {
          "id": "q4-se-lifecycle-quiz-2-a4",
          "text": "It allows skipping iterative reviews to accelerate project delivery.",
          "isCorrect": false,
          "explanation": "Iterative reviews remain essential for quality and risk management, regardless of tailoring."
        }
      ],
      "tags": [
        "systems-engineering overall",
        "tailoring",
        "system life cycle"
      ],
      "source": "INCOSE Handbook 4.0, Section 4.1",
      "source-question": "ChatGPT",
      "user-tags": [],
      "comments": [],
      "notations": []
    },
    {
      "id": "q5-se-lifecycle-quiz-2",
      "text": "What is the primary focus of the Technical Processes group in the system life cycle?",
      "type": "simple-choice",
      "difficulty": "medium",
      "topic": "Technical Processes",
      "chapter": "System Life Cycle Concepts, Models, and Processes",
      "important": false,
      "answers": [
        {
          "id": "q5-se-lifecycle-quiz-2-a1",
          "text": "Defining, analyzing, and verifying system requirements and design.",
          "isCorrect": true,
          "explanation": "Technical Processes encompass activities that ensure the system meets its technical specifications and performance criteria."
        },
        {
          "id": "q5-se-lifecycle-quiz-2-a2",
          "text": "Managing the financial and administrative aspects of the project.",
          "isCorrect": false,
          "explanation": "Financial and administrative management are handled by other process groups."
        },
        {
          "id": "q5-se-lifecycle-quiz-2-a3",
          "text": "Overseeing marketing and customer outreach.",
          "isCorrect": false,
          "explanation": "Marketing is not within the scope of Technical Processes."
        },
        {
          "id": "q5-se-lifecycle-quiz-2-a4",
          "text": "Facilitating internal team training exclusively.",
          "isCorrect": false,
          "explanation": "While training can be a part of technical management, it is not the primary focus of Technical Processes."
        }
      ],
      "tags": [
        "systems-engineering overall",
        "technical processes",
        "concepts"
      ],
      "source": "INCOSE Handbook 4.0, Section 2.3.5",
      "source-question": "ChatGPT",
      "user-tags": [],
      "comments": [],
      "notations": []
    },
    {
      "id": "q6-se-lifecycle-quiz-2",
      "text": "Select 2 out of the following 3 statements that correctly describe the role of Organizational Project-Enabling Processes in supporting system development (select 2):",
      "type": "multiple-choice",
      "difficulty": "medium",
      "topic": "Project Enabling Processes",
      "chapter": "System Life Cycle Concepts, Models, and Processes",
      "important": false,
      "answers": [
        {
          "id": "q6-se-lifecycle-quiz-2-a1",
          "text": "They provide the infrastructure and resource management needed for effective project execution.",
          "isCorrect": true,
          "explanation": "These processes ensure that the necessary support structures and resources are in place."
        },
        {
          "id": "q6-se-lifecycle-quiz-2-a2",
          "text": "They focus exclusively on the technical verification of system performance.",
          "isCorrect": false,
          "explanation": "Organizational Project-Enabling Processes are more about support and enabling rather than direct technical verification."
        },
        {
          "id": "q6-se-lifecycle-quiz-2-a3",
          "text": "They facilitate knowledge management and quality assurance across the project lifecycle.",
          "isCorrect": true,
          "explanation": "These processes help maintain project continuity and uphold standards throughout the system life cycle."
        }
      ],
      "tags": [
        "systems-engineering overall",
        "project enabling",
        "concepts"
      ],
      "source": "INCOSE Handbook 4.0, Section 2.3",
      "source-question": "ChatGPT",
      "user-tags": [],
      "comments": [],
      "notations": []
    },
    {
      "id": "q7-se-lifecycle-quiz-2",
      "text": "What is the importance of Configuration Management within Technical Management Processes?",
      "type": "simple-choice",
      "difficulty": "medium",
      "topic": "Configuration Management",
      "chapter": "System Life Cycle Concepts, Models, and Processes",
      "important": false,
      "answers": [
        {
          "id": "q7-se-lifecycle-quiz-2-a1",
          "text": "It controls changes and maintains system integrity throughout the project.",
          "isCorrect": true,
          "explanation": "Configuration Management ensures that all changes are tracked and the system remains consistent over time."
        },
        {
          "id": "q7-se-lifecycle-quiz-2-a2",
          "text": "It primarily deals with financial budgeting and cost control.",
          "isCorrect": false,
          "explanation": "Although cost is important, Configuration Management focuses on change control and system integrity."
        },
        {
          "id": "q7-se-lifecycle-quiz-2-a3",
          "text": "It is used only during the production phase to monitor manufacturing.",
          "isCorrect": false,
          "explanation": "Configuration Management spans the entire life cycle, not just production."
        },
        {
          "id": "q7-se-lifecycle-quiz-2-a4",
          "text": "It documents stakeholder feedback without affecting technical design.",
          "isCorrect": false,
          "explanation": "Its core function is to manage changes and maintain consistency."
        }
      ],
      "tags": [
        "systems-engineering overall",
        "configuration management",
        "concepts"
      ],
      "source": "INCOSE Handbook 4.0, Section 2.3.4",
      "source-question": "ChatGPT",
      "user-tags": [],
      "comments": [],
      "notations": []
    },
    {
      "id": "q8-se-lifecycle-quiz-2",
      "text": "Select both key aspects of the Risk Management Process that help mitigate uncertainties in Technical Management. (select 2)",
      "type": "multiple-choice",
      "difficulty": "medium",
      "topic": "Risk Management",
      "chapter": "System Life Cycle Concepts, Models, and Processes",
      "important": false,
      "answers": [
        {
          "id": "q8-se-lifecycle-quiz-2-a1",
          "text": "Identification and assessment of potential risks.",
          "isCorrect": true,
          "explanation": "Risk identification and assessment are fundamental steps in understanding potential project uncertainties."
        },
        {
          "id": "q8-se-lifecycle-quiz-2-a2",
          "text": "Implementation of mitigation strategies and contingency plans.",
          "isCorrect": true,
          "explanation": "Mitigation strategies and contingency planning are essential to reduce the impact of identified risks."
        },
        {
          "id": "q8-se-lifecycle-quiz-2-a3",
          "text": "Ignoring minor risks to focus on major issues.",
          "isCorrect": false,
          "explanation": "Even minor risks need evaluation as they can accumulate and affect the project."
        },
        {
          "id": "q8-se-lifecycle-quiz-2-a4",
          "text": "Eliminating all uncertainties completely.",
          "isCorrect": false,
          "explanation": "It is impossible to eliminate all uncertainties; the goal is to manage and mitigate them effectively."
        }
      ],
      "tags": [
        "systems-engineering overall",
        "risk management",
        "concepts"
      ],
      "source": "ISO/IEC/IEEE 15288 & INCOSE Handbook 4.0",
      "source-question": "ChatGPT",
      "user-tags": [],
      "comments": [],
      "notations": []
    },
    {
      "id": "q9-se-lifecycle-quiz-2",
      "text": "Which statement best distinguishes the Acquisition Process from the Supply Process in Agreement Processes?",
      "type": "simple-choice",
      "difficulty": "medium",
      "topic": "Agreement Processes",
      "chapter": "System Life Cycle Concepts, Models, and Processes",
      "important": false,
      "answers": [
        {
          "id": "q9-se-lifecycle-quiz-2-a1",
          "text": "The Acquisition Process is conducted by the acquirer to obtain the system, while the Supply Process is executed by the supplier to deliver it.",
          "isCorrect": true,
          "explanation": "This distinction clarifies the roles of the acquirer and supplier within the system life cycle."
        },
        {
          "id": "q9-se-lifecycle-quiz-2-a2",
          "text": "Both processes are identical and performed by the same organization.",
          "isCorrect": false,
          "explanation": "Acquisition and Supply are complementary but distinct, reflecting the different perspectives of the buyer and the seller."
        },
        {
          "id": "q9-se-lifecycle-quiz-2-a3",
          "text": "The Acquisition Process deals with technical design, whereas the Supply Process handles system maintenance.",
          "isCorrect": false,
          "explanation": "Acquisition is about procuring the system, not about technical design or maintenance."
        },
        {
          "id": "q9-se-lifecycle-quiz-2-a4",
          "text": "The Acquisition Process is solely focused on cost management, while the Supply Process manages quality.",
          "isCorrect": false,
          "explanation": "Both processes address cost and quality, but the key difference is the role of the acquirer versus the supplier."
        }
      ],
      "tags": [
        "systems-engineering overall",
        "agreement processes",
        "concepts"
      ],
      "source": "INCOSE Handbook 4.0, Section 2.3.2",
      "source-question": "ChatGPT",
      "user-tags": [],
      "comments": [],
      "notations": []
    },
    {
      "id": "q1-se-lifecycle-quiz-20-se-lifecycle-quiz-1",
      "text": "Select 3 out of the following 4 benefits of incorporating iterative reviews during the system life cycle (select 3).",
      "type": "multiple-choice",
      "difficulty": "medium",
      "topic": "Iterative Reviews",
      "chapter": "System Life Cycle Concepts, Models, and Processes",
      "important": false,
      "answers": [
        {
          "id": "q1-se-lifecycle-quiz-20-a1",
          "text": "They enable early detection and resolution of issues.",
          "isCorrect": true,
          "explanation": "Iterative reviews help catch problems early, reducing risks and costs."
        },
        {
          "id": "q1-se-lifecycle-quiz-20-a2",
          "text": "They provide continuous stakeholder feedback to refine requirements.",
          "isCorrect": true,
          "explanation": "Regular reviews ensure that stakeholder needs are continually integrated into the system design."
        },
        {
          "id": "q1-se-lifecycle-quiz-20-a3",
          "text": "They completely eliminate project risks.",
          "isCorrect": false,
          "explanation": "While iterative reviews reduce risk, they cannot eliminate all uncertainties."
        },
        {
          "id": "q1-se-lifecycle-quiz-20-a4",
          "text": "They promote adaptive improvements and continuous learning throughout the project.",
          "isCorrect": true,
          "explanation": "This iterative process allows teams to learn from each cycle and make necessary adjustments."
        }
      ],
      "tags": [
        "systems-engineering overall",
        "iterative reviews",
        "concepts"
      ],
      "source": "INCOSE Handbook 4.0, Section 2.3 & ISO/IEC/IEEE 15288",
      "source-question": "ChatGPT",
      "user-tags": [],
      "comments": [],
      "notations": []
    }
  ]
}
