{
    "id": "expert-vv-scenario-quiz",
    "name": "Expert V&V Scenario Quiz",
    "subjectId": "se-handbook",
    "questions": [
      {
        "id": "q1-expert-vv-quiz",
        "text": "In a project where a new safety-critical system is being developed, which V&V activity is most critical during the early design phase?",
        "type": "simple-choice",
        "difficulty": "hard",
        "topic": "Early V&V Focus",
        "chapter": "Verification and Validation Processes",
        "important": true,
        "answers": [
          {
            "id": "a1-q1-expert-vv-quiz",
            "text": "Conducting detailed inspections of design artifacts",
            "isCorrect": true,
            "explanation": "Early inspections help ensure that design documents accurately reflect safety requirements and reduce downstream risks."
          },
          {
            "id": "a2-q1-expert-vv-quiz",
            "text": "Performing full-scale operational tests",
            "isCorrect": false,
            "explanation": "Full-scale tests are typically reserved for later phases once the design is more mature."
          },
          {
            "id": "a3-q1-expert-vv-quiz",
            "text": "Relying solely on simulation results",
            "isCorrect": false,
            "explanation": "While simulation is valuable, early design inspections are more effective for safety-critical requirements."
          },
          {
            "id": "a4-q1-expert-vv-quiz",
            "text": "Finalizing system architecture without review",
            "isCorrect": false,
            "explanation": "System architecture should be iteratively reviewed rather than finalized early without verification."
          }
        ]
      },
      {
        "id": "q2-expert-vv-quiz",
        "text": "Select all that apply: In a complex cyber-physical system, which challenges uniquely affect V&V activities? (Select 2)",
        "type": "multiple-choice",
        "difficulty": "hard",
        "topic": "V&V Challenges",
        "chapter": "Verification and Validation Processes",
        "important": true,
        "answers": [
          {
            "id": "a1-q2-expert-vv-quiz",
            "text": "Dynamic interactions between physical and software components",
            "isCorrect": true,
            "explanation": "The interplay between physical and digital elements creates complex scenarios that require integrated V&V approaches."
          },
          {
            "id": "a2-q2-expert-vv-quiz",
            "text": "Variability in operating conditions affecting system performance",
            "isCorrect": true,
            "explanation": "Real-world variability demands that V&V activities account for a wide range of operating scenarios."
          },
          {
            "id": "a3-q2-expert-vv-quiz",
            "text": "Uniform behavior across all components",
            "isCorrect": false,
            "explanation": "Uniform behavior is unlikely in a cyber-physical system, where diverse interactions create unique challenges."
          },
          {
            "id": "a4-q2-expert-vv-quiz",
            "text": "Exclusive focus on software testing",
            "isCorrect": false,
            "explanation": "Both hardware and software aspects must be validated in cyber-physical systems."
          }
        ]
      },
      {
        "id": "q3-expert-vv-quiz",
        "text": "When integrating simulation into V&V for a system undergoing rapid prototyping, what is a subtle risk that must be managed?",
        "type": "simple-choice",
        "difficulty": "hard",
        "topic": "Simulation in V&V",
        "chapter": "Verification and Validation Processes",
        "important": true,
        "answers": [
          {
            "id": "a1-q3-expert-vv-quiz",
            "text": "The simulation models may not fully capture unpredictable real-world dynamics",
            "isCorrect": true,
            "explanation": "Simulations are approximations; discrepancies between simulated and actual behavior can introduce risk."
          },
          {
            "id": "a2-q3-expert-vv-quiz",
            "text": "Simulations eliminate the need for iterative reviews",
            "isCorrect": false,
            "explanation": "Even with simulations, iterative reviews remain critical for refining design and V&V methods."
          },
          {
            "id": "a3-q3-expert-vv-quiz",
            "text": "Simulation automatically ensures compliance with safety standards",
            "isCorrect": false,
            "explanation": "Compliance requires additional verification beyond simulation outputs."
          },
          {
            "id": "a4-q3-expert-vv-quiz",
            "text": "Simulation results are only used to generate graphical reports",
            "isCorrect": false,
            "explanation": "Graphs aid interpretation, but the core challenge is ensuring simulation accuracy."
          }
        ]
      },
      {
        "id": "q4-expert-vv-quiz",
        "text": "Select all that apply: Which factors can lead to a misalignment between verification outcomes and actual system performance? (Select 2)",
        "type": "multiple-choice",
        "difficulty": "hard",
        "topic": "V&V Alignment",
        "chapter": "Verification and Validation Processes",
        "important": true,
        "answers": [
          {
            "id": "a1-q4-expert-vv-quiz",
            "text": "Outdated test cases that do not reflect design changes",
            "isCorrect": true,
            "explanation": "Test cases must evolve with the design; otherwise, they may no longer verify current requirements."
          },
          {
            "id": "a2-q4-expert-vv-quiz",
            "text": "Incomplete coverage of real-world operational conditions",
            "isCorrect": true,
            "explanation": "If testing scenarios do not mimic operational environments, verification may not predict performance accurately."
          },
          {
            "id": "a3-q4-expert-vv-quiz",
            "text": "Excessive reliance on theoretical models without practical testing",
            "isCorrect": false,
            "explanation": "While theoretical models have limitations, they are typically validated by practical tests."
          },
          {
            "id": "a4-q4-expert-vv-quiz",
            "text": "Implementing verification only at the end of the project",
            "isCorrect": false,
            "explanation": "Delayed verification can be problematic, but the question focuses on misalignment due to test case quality and scenario coverage."
          }
        ]
      },
      {
        "id": "q5-expert-vv-quiz",
        "text": "What is a nuanced reason for integrating stakeholder feedback continuously into V&V activities?",
        "type": "simple-choice",
        "difficulty": "hard",
        "topic": "Continuous Improvement in V&V",
        "chapter": "Validation Processes",
        "important": true,
        "answers": [
          {
            "id": "a1-q5-expert-vv-quiz",
            "text": "It ensures that evolving user expectations are reflected in the validation criteria",
            "isCorrect": true,
            "explanation": "Continuous feedback helps adjust validation efforts to meet actual user needs as they change."
          },
          {
            "id": "a2-q5-expert-vv-quiz",
            "text": "It minimizes the need for physical testing by relying on opinions",
            "isCorrect": false,
            "explanation": "Feedback complements testing; it does not replace the need for empirical validation."
          },
          {
            "id": "a3-q5-expert-vv-quiz",
            "text": "It allows the project team to avoid updating test cases",
            "isCorrect": false,
            "explanation": "Stakeholder feedback should drive updates, not halt them."
          },
          {
            "id": "a4-q5-expert-vv-quiz",
            "text": "It reduces the need for rigorous quantitative analysis",
            "isCorrect": false,
            "explanation": "Quantitative analysis remains critical for objective validation."
          }
        ]
      },
      {
        "id": "q6-expert-vv-quiz",
        "text": "Select all that apply: Which advanced V&V techniques can enhance the detection of subtle defects in complex systems? (Select 2)",
        "type": "multiple-choice",
        "difficulty": "hard",
        "topic": "Advanced V&V Techniques",
        "chapter": "Verification and Validation Processes",
        "important": true,
        "answers": [
          {
            "id": "a1-q6-expert-vv-quiz",
            "text": "Hybrid simulation methods combining physical and virtual testing",
            "isCorrect": true,
            "explanation": "Hybrid simulations provide a more realistic assessment of system behavior."
          },
          {
            "id": "a2-q6-expert-vv-quiz",
            "text": "Automated regression testing integrated with continuous monitoring",
            "isCorrect": true,
            "explanation": "This technique ensures that new changes do not introduce subtle, previously resolved defects."
          },
          {
            "id": "a3-q6-expert-vv-quiz",
            "text": "Exclusive use of manual inspections",
            "isCorrect": false,
            "explanation": "Manual inspections may miss issues that automation can detect when properly configured."
          },
          {
            "id": "a4-q6-expert-vv-quiz",
            "text": "Relying solely on end-of-life system testing",
            "isCorrect": false,
            "explanation": "Testing only at the end does not capture defects introduced during development."
          }
        ]
      },
      {
        "id": "q7-expert-vv-quiz",
        "text": "What is the most challenging aspect of aligning verification and validation activities in a continuous V&V process?",
        "type": "simple-choice",
        "difficulty": "hard",
        "topic": "V&V Alignment",
        "chapter": "Verification and Validation Processes",
        "important": true,
        "answers": [
          {
            "id": "a1-q7-expert-vv-quiz",
            "text": "Coordinating iterative feedback from diverse test environments and updating V&V criteria accordingly",
            "isCorrect": true,
            "explanation": "Maintaining alignment requires continuous coordination between testing, design changes, and stakeholder expectations."
          },
          {
            "id": "a2-q7-expert-vv-quiz",
            "text": "Ensuring that V&V is performed only once at the end of the project",
            "isCorrect": false,
            "explanation": "A one-time V&V effort is insufficient for complex systems."
          },
          {
            "id": "a3-q7-expert-vv-quiz",
            "text": "Focusing exclusively on reducing testing time",
            "isCorrect": false,
            "explanation": "Time reduction should not compromise the thoroughness of V&V activities."
          },
          {
            "id": "a4-q7-expert-vv-quiz",
            "text": "Relying solely on external audits for V&V updates",
            "isCorrect": false,
            "explanation": "Internal iterative processes are crucial to capture evolving project needs."
          }
        ]
      },
      {
        "id": "q8-expert-vv-quiz",
        "text": "Which statement best reflects the importance of balancing risk, cost, and quality in the V&V plan?",
        "type": "simple-choice",
        "difficulty": "hard",
        "topic": "V&V Trade-offs",
        "chapter": "Verification and Validation Processes",
        "important": true,
        "answers": [
          {
            "id": "a1-q8-expert-vv-quiz",
            "text": "An optimal V&V plan judiciously allocates resources to ensure comprehensive testing without compromising project timelines or budgets",
            "isCorrect": true,
            "explanation": "The best plans balance thorough testing with practical resource constraints and project deadlines."
          },
          {
            "id": "a2-q8-expert-vv-quiz",
            "text": "Maximizing test coverage is the only priority regardless of cost",
            "isCorrect": false,
            "explanation": "While coverage is important, it must be balanced against cost and schedule considerations."
          },
          {
            "id": "a3-q8-expert-vv-quiz",
            "text": "Reducing cost is paramount, even if it means limiting V&V activities",
            "isCorrect": false,
            "explanation": "Cutting V&V too much can jeopardize quality and increase long-term risks."
          },
          {
            "id": "a4-q8-expert-vv-quiz",
            "text": "Focusing exclusively on quality will automatically reduce project risks",
            "isCorrect": false,
            "explanation": "Quality is one aspect; without proper balance, project cost and schedule may suffer."
          }
        ]
      },
      {
        "id": "q9-expert-vv-quiz",
        "text": "Select all that apply: Which environmental factors should be included when defining validation test scenarios? (Select 2)",
        "type": "multiple-choice",
        "difficulty": "medium",
        "topic": "Validation Environment",
        "chapter": "Validation Processes",
        "important": true,
        "answers": [
          {
            "id": "a1-q9-expert-vv-quiz",
            "text": "Real-world operating conditions such as temperature and humidity",
            "isCorrect": true,
            "explanation": "These conditions can significantly affect system behavior and must be replicated in validation tests."
          },
          {
            "id": "a2-q9-expert-vv-quiz",
            "text": "User interaction patterns and workload variations",
            "isCorrect": true,
            "explanation": "User behavior and varying loads help ensure that the system is validated against practical use scenarios."
          },
          {
            "id": "a3-q9-expert-vv-quiz",
            "text": "The idealized conditions of a controlled laboratory only",
            "isCorrect": false,
            "explanation": "Validation must extend beyond ideal lab conditions to reflect real-world variability."
          },
          {
            "id": "a4-q9-expert-vv-quiz",
            "text": "Historical data from unrelated projects",
            "isCorrect": false,
            "explanation": "Historical data is useful but must be contextualized for the current system’s environment."
          }
        ]
      },
      {
        "id": "q10-expert-vv-quiz",
        "text": "Which statement best summarizes the interplay between V&V activities and overall system reliability?",
        "type": "simple-choice",
        "difficulty": "hard",
        "topic": "V&V and Reliability",
        "chapter": "Verification and Validation Processes",
        "important": true,
        "answers": [
          {
            "id": "a1-q10-expert-vv-quiz",
            "text": "Effective V&V not only confirms that components meet specifications but also provides continuous feedback that enhances overall system reliability",
            "isCorrect": true,
            "explanation": "The iterative nature of V&V drives improvements across the system, directly supporting reliability."
          },
          {
            "id": "a2-q10-expert-vv-quiz",
            "text": "V&V activities are only a formality and have little impact on reliability",
            "isCorrect": false,
            "explanation": "V&V is critical to detecting issues that could undermine system reliability."
          },
          {
            "id": "a3-q10-expert-vv-quiz",
            "text": "Reliability is solely achieved through robust design, independent of V&V efforts",
            "isCorrect": false,
            "explanation": "While design is essential, V&V activities validate and improve the design’s reliability."
          },
          {
            "id": "a4-q10-expert-vv-quiz",
            "text": "The interplay between V&V and reliability is insignificant compared to cost factors",
            "isCorrect": false,
            "explanation": "Reliability is a primary goal, and V&V is a key enabler of achieving it."
          }
        ]
      }
    ]
  }
  