{
  "id": "complex-risk-response-quiz",
  "name": "Complex Risk Response Strategies Quiz",
  "subjectId": "se-handbook",
  "questions": [
    {
      "id": "q1-complex-risk-response",
      "text": "What is the primary objective of a risk response strategy in a dynamic Systems Engineering project?",
      "type": "simple-choice",
      "difficulty": "hard",
      "topic": "Risk Response Strategies",
      "chapter": "Risk Management Processes",
      "important": true,
      "answers": [
        {
          "id": "a1-q1-complex-risk-response",
          "text": "To reduce the potential impact of risks while maintaining project flexibility",
          "isCorrect": true,
          "explanation": "An effective response minimizes negative outcomes without overly constraining the project."
        },
        {
          "id": "a2-q1-complex-risk-response",
          "text": "To completely eliminate all uncertainties before project execution",
          "isCorrect": false,
          "explanation": "It is unrealistic to eliminate every risk; the goal is mitigation, not elimination."
        },
        {
          "id": "a3-q1-complex-risk-response",
          "text": "To focus solely on transferring risks to external parties",
          "isCorrect": false,
          "explanation": "While risk transfer can be a part of the strategy, a balanced approach is required."
        },
        {
          "id": "a4-q1-complex-risk-response",
          "text": "To standardize risk responses for all identified risks",
          "isCorrect": false,
          "explanation": "Uniform responses may not address the unique nature of each risk."
        }
      ]
    },
    {
      "id": "q2-complex-risk-response",
      "text": "Select all that apply: Which actions are typically part of a risk mitigation plan? (Select 3)",
      "type": "multiple-choice",
      "difficulty": "hard",
      "topic": "Risk Mitigation",
      "chapter": "Risk Management Processes",
      "important": true,
      "answers": [
        {
          "id": "a1-q2-complex-risk-response",
          "text": "Implementing technical redundancies",
          "isCorrect": true,
          "explanation": "Redundancies help ensure system resilience in the face of failures."
        },
        {
          "id": "a2-q2-complex-risk-response",
          "text": "Developing contingency plans with defined triggers",
          "isCorrect": true,
          "explanation": "Contingency planning prepares the team for alternative actions if risks materialize."
        },
        {
          "id": "a3-q2-complex-risk-response",
          "text": "Conducting sensitivity analysis to evaluate potential impacts",
          "isCorrect": true,
          "explanation": "Sensitivity analysis informs decision making by highlighting risk exposure under different conditions."
        },
        {
          "id": "a4-q2-complex-risk-response",
          "text": "Assuming risks will not occur if they are low probability",
          "isCorrect": false,
          "explanation": "Even low-probability risks require mitigation if their impact is high."
        }
      ]
    },
    {
      "id": "q3-complex-risk-response",
      "text": "How does risk transference differ from risk mitigation?",
      "type": "simple-choice",
      "difficulty": "hard",
      "topic": "Risk Response Strategies",
      "chapter": "Risk Management Processes",
      "important": true,
      "answers": [
        {
          "id": "a1-q3-complex-risk-response",
          "text": "Risk transference shifts the financial impact of a risk to a third party, whereas risk mitigation reduces the risk’s potential impact directly",
          "isCorrect": true,
          "explanation": "Transference and mitigation are distinct: one reallocates impact, the other reduces it."
        },
        {
          "id": "a2-q3-complex-risk-response",
          "text": "Risk transference eliminates the risk entirely, while mitigation only postpones it",
          "isCorrect": false,
          "explanation": "Transference does not eliminate risk; it simply shifts responsibility."
        },
        {
          "id": "a3-q3-complex-risk-response",
          "text": "Both approaches aim to completely remove risk from the project",
          "isCorrect": false,
          "explanation": "Neither method completely removes risk; they only lessen its potential impact."
        },
        {
          "id": "a4-q3-complex-risk-response",
          "text": "Risk transference focuses solely on technical solutions",
          "isCorrect": false,
          "explanation": "Transference is more often a contractual or financial strategy rather than a technical one."
        }
      ]
    },
    {
      "id": "q4-complex-risk-response",
      "text": "Select all that apply: Which of the following are potential benefits of a well-implemented risk response strategy? (Select 2)",
      "type": "multiple-choice",
      "difficulty": "medium",
      "topic": "Risk Outcomes",
      "chapter": "Risk Management Processes",
      "important": true,
      "answers": [
        {
          "id": "a1-q4-complex-risk-response",
          "text": "Enhanced system resilience and operational stability",
          "isCorrect": true,
          "explanation": "Effective responses reduce the likelihood and impact of adverse events, strengthening resilience."
        },
        {
          "id": "a2-q4-complex-risk-response",
          "text": "Greater predictability in project performance and timelines",
          "isCorrect": true,
          "explanation": "Reducing uncertainty leads to more stable project outcomes."
        },
        {
          "id": "a3-q4-complex-risk-response",
          "text": "Elimination of all technical uncertainties",
          "isCorrect": false,
          "explanation": "It is unrealistic to eliminate all uncertainties; the goal is to mitigate them."
        },
        {
          "id": "a4-q4-complex-risk-response",
          "text": "Complete cost elimination for risk management activities",
          "isCorrect": false,
          "explanation": "Cost elimination is not a realistic or primary benefit of risk response strategies."
        }
      ]
    },
    {
      "id": "q5-complex-risk-response",
      "text": "What role does contingency planning play in the context of risk response, particularly for emerging risks?",
      "type": "simple-choice",
      "difficulty": "hard",
      "topic": "Contingency Planning",
      "chapter": "Risk Management Processes",
      "important": true,
      "answers": [
        {
          "id": "a1-q5-complex-risk-response",
          "text": "It provides a set of predefined actions to address emerging risks, ensuring a prompt and organized response",
          "isCorrect": true,
          "explanation": "Contingency planning prepares the organization to act quickly when unexpected risks arise."
        },
        {
          "id": "a2-q5-complex-risk-response",
          "text": "It replaces the need for ongoing risk assessments",
          "isCorrect": false,
          "explanation": "Contingency planning supplements ongoing risk assessments; it does not replace them."
        },
        {
          "id": "a3-q5-complex-risk-response",
          "text": "It focuses solely on financial risk transfer mechanisms",
          "isCorrect": false,
          "explanation": "Contingency plans address a range of potential issues beyond financial concerns."
        },
        {
          "id": "a4-q5-complex-risk-response",
          "text": "It mandates that all project activities be halted until risks are resolved",
          "isCorrect": false,
          "explanation": "Contingency planning is intended to keep projects moving despite uncertainties."
        }
      ]
    },
    {
      "id": "q6-complex-risk-response",
      "text": "Select all that apply: Which factors must be monitored continuously to ensure that risk responses remain effective? (Select 2)",
      "type": "multiple-choice",
      "difficulty": "medium",
      "topic": "Risk Monitoring",
      "chapter": "Risk Management Processes",
      "important": true,
      "answers": [
        {
          "id": "a1-q6-complex-risk-response",
          "text": "Changes in system performance and operating conditions",
          "isCorrect": true,
          "explanation": "Evolving system conditions may alter risk profiles, requiring continuous monitoring."
        },
        {
          "id": "a2-q6-complex-risk-response",
          "text": "Updates to stakeholder requirements and external factors",
          "isCorrect": true,
          "explanation": "Stakeholder needs and external environments can shift, impacting risk responses."
        },
        {
          "id": "a3-q6-complex-risk-response",
          "text": "Static risk assessments from project initiation",
          "isCorrect": false,
          "explanation": "Static assessments quickly become outdated; continuous monitoring is essential."
        },
        {
          "id": "a4-q6-complex-risk-response",
          "text": "Only financial indicators",
          "isCorrect": false,
          "explanation": "Risk monitoring must cover multiple dimensions, not just financial metrics."
        }
      ]
    },
    {
      "id": "q7-complex-risk-response",
      "text": "Which statement best describes the trade-off between risk reduction and resource allocation in risk response planning?",
      "type": "simple-choice",
      "difficulty": "hard",
      "topic": "Risk Trade-offs",
      "chapter": "Risk Management Processes",
      "important": true,
      "answers": [
        {
          "id": "a1-q7-complex-risk-response",
          "text": "Effective risk response must balance the cost of mitigation actions with the potential benefits of reduced risk exposure",
          "isCorrect": true,
          "explanation": "Over-allocation of resources may not be justified if the risk impact is low, while under-allocation may leave the project vulnerable."
        },
        {
          "id": "a2-q7-complex-risk-response",
          "text": "Risk reduction should always be prioritized regardless of resource impact",
          "isCorrect": false,
          "explanation": "Resources are finite, so responses must be proportionate to the risk level."
        },
        {
          "id": "a3-q7-complex-risk-response",
          "text": "Resource allocation decisions are made independently of risk assessments",
          "isCorrect": false,
          "explanation": "Risk assessments are critical inputs to determine appropriate resource allocation."
        },
        {
          "id": "a4-q7-complex-risk-response",
          "text": "There is no trade-off; maximum risk reduction is always the goal",
          "isCorrect": false,
          "explanation": "In practice, maximum risk reduction may be cost-prohibitive and counterproductive."
        }
      ]
    },
    {
      "id": "q8-complex-risk-response",
      "text": "What subtle challenge can arise when risk response strategies are implemented without iterative feedback?",
      "type": "simple-choice",
      "difficulty": "hard",
      "topic": "Continuous Improvement in Risk Response",
      "chapter": "Risk Management Processes",
      "important": true,
      "answers": [
        {
          "id": "a1-q8-complex-risk-response",
          "text": "Risk responses may become outdated as project conditions evolve",
          "isCorrect": true,
          "explanation": "Without iterative feedback, strategies may no longer be effective against emerging risks."
        },
        {
          "id": "a2-q8-complex-risk-response",
          "text": "It leads to an immediate elimination of all risks",
          "isCorrect": false,
          "explanation": "Risk response strategies do not eliminate risks; they reduce impact."
        },
        {
          "id": "a3-q8-complex-risk-response",
          "text": "It results in excessive documentation that obscures risk data",
          "isCorrect": false,
          "explanation": "While documentation is important, the primary issue is losing alignment with current conditions."
        },
        {
          "id": "a4-q8-complex-risk-response",
          "text": "It simplifies decision-making by reducing the number of variables",
          "isCorrect": false,
          "explanation": "Simplification may occur, but it often comes at the cost of responsiveness to change."
        }
      ]
    },
    {
      "id": "q9-complex-risk-response",
      "text": "Select all that apply: Which of the following factors should be considered when determining whether to transfer a risk? (Select 2)",
      "type": "multiple-choice",
      "difficulty": "hard",
      "topic": "Risk Transfer",
      "chapter": "Risk Management Processes",
      "important": true,
      "answers": [
        {
          "id": "a1-q9-complex-risk-response",
          "text": "The availability of third-party risk-sharing mechanisms (e.g., insurance)",
          "isCorrect": true,
          "explanation": "Transference depends on the ability to shift risk to a capable external party."
        },
        {
          "id": "a2-q9-complex-risk-response",
          "text": "The potential cost and impact of the risk compared to the cost of transferring it",
          "isCorrect": true,
          "explanation": "A cost-benefit analysis is critical to decide if transferring risk is advantageous."
        },
        {
          "id": "a3-q9-complex-risk-response",
          "text": "The technical feasibility of eliminating the risk entirely",
          "isCorrect": false,
          "explanation": "Risk elimination is a separate strategy; transfer is about shifting, not removing, risk."
        },
        {
          "id": "a4-q9-complex-risk-response",
          "text": "The organizational culture’s preference for in-house solutions",
          "isCorrect": false,
          "explanation": "While culture matters, it is secondary to financial and impact considerations when transferring risk."
        }
      ]
    },
    {
      "id": "q10-complex-risk-response",
      "text": "Which statement best reflects the challenge of balancing risk responses with project continuity?",
      "type": "simple-choice",
      "difficulty": "hard",
      "topic": "Risk Response Trade-offs",
      "chapter": "Risk Management Processes",
      "important": true,
      "answers": [
        {
          "id": "a1-q10-complex-risk-response",
          "text": "Effective risk responses must mitigate potential issues without causing significant delays or disruptions to ongoing project work",
          "isCorrect": true,
          "explanation": "The challenge lies in reducing risk while keeping the project on track."
        },
        {
          "id": "a2-q10-complex-risk-response",
          "text": "Risk responses should always halt project progress until risks are fully resolved",
          "isCorrect": false,
          "explanation": "Halting progress is rarely viable; risk responses must be integrated smoothly."
        },
        {
          "id": "a3-q10-complex-risk-response",
          "text": "Focusing solely on risk reduction is more important than meeting project deadlines",
          "isCorrect": false,
          "explanation": "Balance is key; deadlines and performance cannot be sacrificed for risk reduction."
        },
        {
          "id": "a4-q10-complex-risk-response",
          "text": "There is no need to balance risk responses with project continuity if risks are low",
          "isCorrect": false,
          "explanation": "Even low risks must be managed without unduly impacting project progress."
        }
      ]
    }
  ]
}
